"No","CVE","AdvisoryIDs","AdvisoryCount"
"1","CVE-2004-0813","VCDSA23353","1"
"2","CVE-2005-2090","VCDSA23355","1"
"3","CVE-2005-3055","VCDSA23352","1"
"4","CVE-2005-3273","VCDSA23352","1"
"5","CVE-2005-4268","VCDSA23411","1"
"6","CVE-2006-1056","VCDSA23352","1"
"7","CVE-2006-1174","VCDSA23353","1"
"8","CVE-2006-1342","VCDSA23352","1"
"9","CVE-2006-1343","VCDSA23352","1"
"10","CVE-2006-1721","VCDSA23372","1"
"11","CVE-2006-1864","VCDSA23352","1"
"12","CVE-2006-2071","VCDSA23352","1"
"13","CVE-2006-2937","VCDSA23368","1"
"14","CVE-2006-2940","VCDSA23368","1"
"15","CVE-2006-3619","VCDSA23353","1"
"16","CVE-2006-4146","VCDSA23353","1"
"17","CVE-2006-4339","VCDSA23368","1"
"18","CVE-2006-4343","VCDSA23368","1"
"19","CVE-2006-4600","VCDSA23353","1"
"20","CVE-2006-4814","VCDSA23358","1"
"21","CVE-2006-5752","VCDSA23387","1"
"22","CVE-2006-6304","VCDSA23378","1"
"23","CVE-2006-7195","VCDSA23355","1"
"24","CVE-2006-7228","VCDSA23370; VCDSA23356","2"
"25","CVE-2007-0061","VCDSA23353","1"
"26","CVE-2007-0062","VCDSA23353","1"
"27","CVE-2007-0063","VCDSA23353","1"
"28","CVE-2007-0450","VCDSA23355","1"
"29","CVE-2007-0494","VCDSA23353","1"
"30","CVE-2007-0956","VCDSA23352","1"
"31","CVE-2007-0957","VCDSA23352","1"
"32","CVE-2007-1003","VCDSA23352","1"
"33","CVE-2007-1216","VCDSA23352","1"
"34","CVE-2007-1351","VCDSA23352","1"
"35","CVE-2007-1352","VCDSA23352","1"
"36","CVE-2007-1660","VCDSA23370","1"
"37","CVE-2007-1667","VCDSA23352","1"
"38","CVE-2007-1716","VCDSA23353","1"
"39","CVE-2007-1856","VCDSA23353","1"
"40","CVE-2007-1863","VCDSA23387","1"
"41","CVE-2007-2052","VCDSA23392; VCDSA23356","2"
"42","CVE-2007-2442","VCDSA23353","1"
"43","CVE-2007-2443","VCDSA23353","1"
"44","CVE-2007-2446","VCDSA23353","1"
"45","CVE-2007-2447","VCDSA23353","1"
"46","CVE-2007-2798","VCDSA23353","1"
"47","CVE-2007-2953","VCDSA23399","1"
"48","CVE-2007-3004","VCDSA23355","1"
"49","CVE-2007-3108","VCDSA23360; VCDSA23354","2"
"50","CVE-2007-3304","VCDSA23387","1"
"51","CVE-2007-3514","VCDSA23359","1"
"52","CVE-2007-3847","VCDSA23387","1"
"53","CVE-2007-4059","VCDSA23353","1"
"54","CVE-2007-4155","VCDSA23353","1"
"55","CVE-2007-4308","VCDSA23356","1"
"56","CVE-2007-4476","VCDSA23411","1"
"57","CVE-2007-4496","VCDSA23353","1"
"58","CVE-2007-4497","VCDSA23353","1"
"59","CVE-2007-4567","VCDSA23378","1"
"60","CVE-2007-4572","VCDSA23354","1"
"61","CVE-2007-4772","VCDSA23372","1"
"62","CVE-2007-4965","VCDSA23392; VCDSA23356","2"
"63","CVE-2007-5000","VCDSA23387","1"
"64","CVE-2007-5001","VCDSA23358","1"
"65","CVE-2007-5116","VCDSA23354","1"
"66","CVE-2007-5135","VCDSA23360; VCDSA23354","2"
"67","CVE-2007-5191","VCDSA23354","1"
"68","CVE-2007-5232","VCDSA23357","1"
"69","CVE-2007-5236","VCDSA23357","1"
"70","CVE-2007-5237","VCDSA23357","1"
"71","CVE-2007-5238","VCDSA23357","1"
"72","CVE-2007-5239","VCDSA23357","1"
"73","CVE-2007-5240","VCDSA23357","1"
"74","CVE-2007-5269","VCDSA23361; VCDSA23368","2"
"75","CVE-2007-5274","VCDSA23357","1"
"76","CVE-2007-5333","VCDSA23392; VCDSA23357","2"
"77","CVE-2007-5342","VCDSA23392; VCDSA23357","2"
"78","CVE-2007-5360","VCDSA23354","1"
"79","CVE-2007-5378","VCDSA23372","1"
"80","CVE-2007-5398","VCDSA23354","1"
"81","CVE-2007-5438","VCDSA23361","1"
"82","CVE-2007-5461","VCDSA23392; VCDSA23357","2"
"83","CVE-2007-5497","VCDSA23367","1"
"84","CVE-2007-5503","VCDSA23361","1"
"85","CVE-2007-5618","VCDSA23368","1"
"86","CVE-2007-5671","VCDSA23372","1"
"87","CVE-2007-5689","VCDSA23357","1"
"88","CVE-2007-5846","VCDSA23370","1"
"89","CVE-2007-5966","VCDSA23392","1"
"90","CVE-2007-6015","VCDSA23356","1"
"91","CVE-2007-6063","VCDSA23390","1"
"92","CVE-2007-6151","VCDSA23358","1"
"93","CVE-2007-6206","VCDSA23358","1"
"94","CVE-2007-6284","VCDSA23369","1"
"95","CVE-2007-6286","VCDSA23392; VCDSA23357","2"
"96","CVE-2007-6388","VCDSA23387","1"
"97","CVE-2008-0002","VCDSA23392","1"
"98","CVE-2008-0003","VCDSA23370","1"
"99","CVE-2008-0005","VCDSA23387","1"
"100","CVE-2008-0007","VCDSA23358","1"
"101","CVE-2008-0062","VCDSA23372","1"
"102","CVE-2008-0063","VCDSA23372","1"
"103","CVE-2008-0085","VCDSA23418","1"
"104","CVE-2008-0086","VCDSA23418","1"
"105","CVE-2008-0106","VCDSA23418","1"
"106","CVE-2008-0107","VCDSA23418","1"
"107","CVE-2008-0553","VCDSA23372","1"
"108","CVE-2008-0598","VCDSA23390","1"
"109","CVE-2008-0657","VCDSA23357","1"
"110","CVE-2008-0888","VCDSA23372","1"
"111","CVE-2008-0923","VCDSA23368","1"
"112","CVE-2008-0948","VCDSA23372","1"
"113","CVE-2008-0960","VCDSA23364; VCDSA23360","2"
"114","CVE-2008-0967","VCDSA23372","1"
"115","CVE-2008-1105","VCDSA23358","1"
"116","CVE-2008-1185","VCDSA23357","1"
"117","CVE-2008-1186","VCDSA23357","1"
"118","CVE-2008-1187","VCDSA23357","1"
"119","CVE-2008-1188","VCDSA23357","1"
"120","CVE-2008-1189","VCDSA23357","1"
"121","CVE-2008-1190","VCDSA23357","1"
"122","CVE-2008-1191","VCDSA23357","1"
"123","CVE-2008-1192","VCDSA23357","1"
"124","CVE-2008-1193","VCDSA23357","1"
"125","CVE-2008-1194","VCDSA23357","1"
"126","CVE-2008-1195","VCDSA23357","1"
"127","CVE-2008-1196","VCDSA23357","1"
"128","CVE-2008-1232","VCDSA23392; VCDSA23396","2"
"129","CVE-2008-1340","VCDSA23368","1"
"130","CVE-2008-1361","VCDSA23368","1"
"131","CVE-2008-1362","VCDSA23368","1"
"132","CVE-2008-1363","VCDSA23368","1"
"133","CVE-2008-1364","VCDSA23368","1"
"134","CVE-2008-1367","VCDSA23358","1"
"135","CVE-2008-1372","VCDSA23366","1"
"136","CVE-2008-1375","VCDSA23358","1"
"137","CVE-2008-1382","VCDSA23384","1"
"138","CVE-2008-1447","VCDSA23361","1"
"139","CVE-2008-1669","VCDSA23358","1"
"140","CVE-2008-1721","VCDSA23392","1"
"141","CVE-2008-1806","VCDSA23361","1"
"142","CVE-2008-1807","VCDSA23361","1"
"143","CVE-2008-1808","VCDSA23361","1"
"144","CVE-2008-1887","VCDSA23392","1"
"145","CVE-2008-1927","VCDSA23360","1"
"146","CVE-2008-1947","VCDSA23392; VCDSA23396","2"
"147","CVE-2008-2086","VCDSA23390","1"
"148","CVE-2008-2097","VCDSA23372","1"
"149","CVE-2008-2098","VCDSA23371","1"
"150","CVE-2008-2099","VCDSA23371","1"
"151","CVE-2008-2100","VCDSA23372","1"
"152","CVE-2008-2101","VCDSA23361","1"
"153","CVE-2008-2136","VCDSA23390","1"
"154","CVE-2008-2233","VCDSA23362","1"
"155","CVE-2008-2234","VCDSA23362","1"
"156","CVE-2008-2292","VCDSA23360","1"
"157","CVE-2008-2315","VCDSA23392","1"
"158","CVE-2008-2327","VCDSA23364","1"
"159","CVE-2008-2370","VCDSA23392; VCDSA23396","2"
"160","CVE-2008-2712","VCDSA23399","1"
"161","CVE-2008-2812","VCDSA23390","1"
"162","CVE-2008-3103","VCDSA23363","1"
"163","CVE-2008-3104","VCDSA23363","1"
"164","CVE-2008-3105","VCDSA23363","1"
"165","CVE-2008-3106","VCDSA23363","1"
"166","CVE-2008-3107","VCDSA23363","1"
"167","CVE-2008-3108","VCDSA23363","1"
"168","CVE-2008-3109","VCDSA23363","1"
"169","CVE-2008-3110","VCDSA23363","1"
"170","CVE-2008-3111","VCDSA23363","1"
"171","CVE-2008-3112","VCDSA23363","1"
"172","CVE-2008-3113","VCDSA23363","1"
"173","CVE-2008-3114","VCDSA23363","1"
"174","CVE-2008-3115","VCDSA23363","1"
"175","CVE-2008-3142","VCDSA23392","1"
"176","CVE-2008-3143","VCDSA23392","1"
"177","CVE-2008-3144","VCDSA23392","1"
"178","CVE-2008-3275","VCDSA23390","1"
"179","CVE-2008-3281","VCDSA23364","1"
"180","CVE-2008-3432","VCDSA23399","1"
"181","CVE-2008-3514","VCDSA23359","1"
"182","CVE-2008-3525","VCDSA23390","1"
"183","CVE-2008-3528","VCDSA23392","1"
"184","CVE-2008-3529","VCDSA23364","1"
"185","CVE-2008-3691","VCDSA23361","1"
"186","CVE-2008-3692","VCDSA23361","1"
"187","CVE-2008-3693","VCDSA23361","1"
"188","CVE-2008-3694","VCDSA23361","1"
"189","CVE-2008-3695","VCDSA23361","1"
"190","CVE-2008-3696","VCDSA23361","1"
"191","CVE-2008-3697","VCDSA23361","1"
"192","CVE-2008-3698","VCDSA23361","1"
"193","CVE-2008-3761","VCDSA23400","1"
"194","CVE-2008-3825","VCDSA23418","1"
"195","CVE-2008-3916","VCDSA23374; VCDSA23397","2"
"196","CVE-2008-4101","VCDSA23399","1"
"197","CVE-2008-4210","VCDSA23390","1"
"198","CVE-2008-4225","VCDSA23382","1"
"199","CVE-2008-4226","VCDSA23382","1"
"200","CVE-2008-4278","VCDSA23363","1"
"201","CVE-2008-4279","VCDSA23363","1"
"202","CVE-2008-4281","VCDSA23365","1"
"203","CVE-2008-4307","VCDSA23392","1"
"204","CVE-2008-4309","VCDSA23373; VCDSA23382","2"
"205","CVE-2008-4316","VCDSA23374","1"
"206","CVE-2008-4552","VCDSA23374","1"
"207","CVE-2008-4864","VCDSA23392","1"
"208","CVE-2008-4914","VCDSA23382","1"
"209","CVE-2008-4915","VCDSA23365","1"
"210","CVE-2008-4916","VCDSA23383; VCDSA23400","2"
"211","CVE-2008-4917","VCDSA23366","1"
"212","CVE-2008-5029","VCDSA23379","1"
"213","CVE-2008-5031","VCDSA23392","1"
"214","CVE-2008-5077","VCDSA23399","1"
"215","CVE-2008-5300","VCDSA23379","1"
"216","CVE-2008-5302","VCDSA23411","1"
"217","CVE-2008-5303","VCDSA23411","1"
"218","CVE-2008-5339","VCDSA23390","1"
"219","CVE-2008-5340","VCDSA23390","1"
"220","CVE-2008-5341","VCDSA23390","1"
"221","CVE-2008-5342","VCDSA23390","1"
"222","CVE-2008-5343","VCDSA23390","1"
"223","CVE-2008-5344","VCDSA23390","1"
"224","CVE-2008-5345","VCDSA23390","1"
"225","CVE-2008-5346","VCDSA23390","1"
"226","CVE-2008-5347","VCDSA23390","1"
"227","CVE-2008-5348","VCDSA23390","1"
"228","CVE-2008-5349","VCDSA23390","1"
"229","CVE-2008-5350","VCDSA23390","1"
"230","CVE-2008-5351","VCDSA23390","1"
"231","CVE-2008-5352","VCDSA23390","1"
"232","CVE-2008-5353","VCDSA23390","1"
"233","CVE-2008-5354","VCDSA23390","1"
"234","CVE-2008-5355","VCDSA23390","1"
"235","CVE-2008-5356","VCDSA23390","1"
"236","CVE-2008-5357","VCDSA23390","1"
"237","CVE-2008-5358","VCDSA23390","1"
"238","CVE-2008-5359","VCDSA23390","1"
"239","CVE-2008-5360","VCDSA23390","1"
"240","CVE-2008-5416","VCDSA23418","1"
"241","CVE-2008-5515","VCDSA23392","1"
"242","CVE-2008-5700","VCDSA23392","1"
"243","CVE-2008-7270","VCDSA23428","1"
"244","CVE-2009-0025","VCDSA23399","1"
"245","CVE-2009-0028","VCDSA23392","1"
"246","CVE-2009-0033","VCDSA23392","1"
"247","CVE-2009-0034","VCDSA23386","1"
"248","CVE-2009-0037","VCDSA23386","1"
"249","CVE-2009-0040","VCDSA23387; VCDSA23384","2"
"250","CVE-2009-0115","VCDSA23374","1"
"251","CVE-2009-0159","VCDSA23392","1"
"252","CVE-2009-0177","VCDSA23400","1"
"253","CVE-2009-0199","VCDSA23401","1"
"254","CVE-2009-0269","VCDSA23392","1"
"255","CVE-2009-0322","VCDSA23392","1"
"256","CVE-2009-0518","VCDSA23400","1"
"257","CVE-2009-0580","VCDSA23392","1"
"258","CVE-2009-0590","VCDSA23414; VCDSA23378; VCDSA23374","3"
"259","CVE-2009-0675","VCDSA23392","1"
"260","CVE-2009-0676","VCDSA23392","1"
"261","CVE-2009-0692","VCDSA23390","1"
"262","CVE-2009-0696","VCDSA23392","1"
"263","CVE-2009-0745","VCDSA23392","1"
"264","CVE-2009-0746","VCDSA23392","1"
"265","CVE-2009-0747","VCDSA23392","1"
"266","CVE-2009-0748","VCDSA23392","1"
"267","CVE-2009-0778","VCDSA23392","1"
"268","CVE-2009-0781","VCDSA23392","1"
"269","CVE-2009-0783","VCDSA23392","1"
"270","CVE-2009-0787","VCDSA23392","1"
"271","CVE-2009-0798","VCDSA23376","1"
"272","CVE-2009-0834","VCDSA23392","1"
"273","CVE-2009-0844","VCDSA23402; VCDSA23385","2"
"274","CVE-2009-0845","VCDSA23402; VCDSA23385","2"
"275","CVE-2009-0846","VCDSA23402; VCDSA23385","2"
"276","CVE-2009-0908","VCDSA23400","1"
"277","CVE-2009-0909","VCDSA23400","1"
"278","CVE-2009-0910","VCDSA23400","1"
"279","CVE-2009-1072","VCDSA23392","1"
"280","CVE-2009-1093","VCDSA23395; VCDSA23392; VCDSA23390","3"
"281","CVE-2009-1094","VCDSA23395; VCDSA23392; VCDSA23390","3"
"282","CVE-2009-1095","VCDSA23395; VCDSA23392; VCDSA23390","3"
"283","CVE-2009-1096","VCDSA23395; VCDSA23392; VCDSA23390","3"
"284","CVE-2009-1097","VCDSA23395; VCDSA23392; VCDSA23390","3"
"285","CVE-2009-1098","VCDSA23395; VCDSA23392; VCDSA23390","3"
"286","CVE-2009-1099","VCDSA23395; VCDSA23392; VCDSA23390","3"
"287","CVE-2009-1100","VCDSA23395; VCDSA23392; VCDSA23390","3"
"288","CVE-2009-1101","VCDSA23395; VCDSA23392; VCDSA23390","3"
"289","CVE-2009-1102","VCDSA23395; VCDSA23392; VCDSA23390","3"
"290","CVE-2009-1103","VCDSA23395; VCDSA23392; VCDSA23390","3"
"291","CVE-2009-1104","VCDSA23395; VCDSA23392; VCDSA23390","3"
"292","CVE-2009-1105","VCDSA23395; VCDSA23392; VCDSA23390","3"
"293","CVE-2009-1106","VCDSA23395; VCDSA23392; VCDSA23390","3"
"294","CVE-2009-1107","VCDSA23395; VCDSA23392; VCDSA23390","3"
"295","CVE-2009-1146","VCDSA23400","1"
"296","CVE-2009-1147","VCDSA23400","1"
"297","CVE-2009-1185","VCDSA23386","1"
"298","CVE-2009-1189","VCDSA23374","1"
"299","CVE-2009-1192","VCDSA23392","1"
"300","CVE-2009-1244","VCDSA23383","1"
"301","CVE-2009-1252","VCDSA23392","1"
"302","CVE-2009-1336","VCDSA23392","1"
"303","CVE-2009-1337","VCDSA23379; VCDSA23392","2"
"304","CVE-2009-1377","VCDSA23378; VCDSA23374","2"
"305","CVE-2009-1378","VCDSA23378; VCDSA23374","2"
"306","CVE-2009-1379","VCDSA23378; VCDSA23374","2"
"307","CVE-2009-1384","VCDSA23418; VCDSA23378","2"
"308","CVE-2009-1385","VCDSA23379; VCDSA23392","2"
"309","CVE-2009-1386","VCDSA23378; VCDSA23374","2"
"310","CVE-2009-1387","VCDSA23378; VCDSA23374","2"
"311","CVE-2009-1388","VCDSA23392","1"
"312","CVE-2009-1389","VCDSA23392","1"
"313","CVE-2009-1439","VCDSA23392","1"
"314","CVE-2009-1523","VCDSA23381","1"
"315","CVE-2009-1524","VCDSA23381","1"
"316","CVE-2009-1563","VCDSA23394","1"
"317","CVE-2009-1564","VCDSA23377","1"
"318","CVE-2009-1565","VCDSA23377","1"
"319","CVE-2009-1630","VCDSA23392","1"
"320","CVE-2009-1633","VCDSA23392","1"
"321","CVE-2009-1805","VCDSA23384","1"
"322","CVE-2009-1887","VCDSA23373","1"
"323","CVE-2009-1888","VCDSA23376","1"
"324","CVE-2009-1893","VCDSA23390","1"
"325","CVE-2009-1895","VCDSA23379; VCDSA23392","2"
"326","CVE-2009-2042","VCDSA23377","1"
"327","CVE-2009-2267","VCDSA23391","1"
"328","CVE-2009-2277","VCDSA23375","1"
"329","CVE-2009-2404","VCDSA23394","1"
"330","CVE-2009-2406","VCDSA23392","1"
"331","CVE-2009-2407","VCDSA23392","1"
"332","CVE-2009-2408","VCDSA23394","1"
"333","CVE-2009-2409","VCDSA23414; VCDSA23413; VCDSA23378; VCDSA23394","4"
"334","CVE-2009-2414","VCDSA23392","1"
"335","CVE-2009-2416","VCDSA23392","1"
"336","CVE-2009-2417","VCDSA23392","1"
"337","CVE-2009-2625","VCDSA23395; VCDSA23392","2"
"338","CVE-2009-2628","VCDSA23401","1"
"339","CVE-2009-2670","VCDSA23395; VCDSA23392","2"
"340","CVE-2009-2671","VCDSA23395; VCDSA23392","2"
"341","CVE-2009-2672","VCDSA23395; VCDSA23392","2"
"342","CVE-2009-2673","VCDSA23395; VCDSA23392","2"
"343","CVE-2009-2675","VCDSA23395; VCDSA23392","2"
"344","CVE-2009-2676","VCDSA23395; VCDSA23392","2"
"345","CVE-2009-2692","VCDSA23379; VCDSA23392","2"
"346","CVE-2009-2693","VCDSA23418","1"
"347","CVE-2009-2695","VCDSA23378; VCDSA23374","2"
"348","CVE-2009-2698","VCDSA23379; VCDSA23392","2"
"349","CVE-2009-2716","VCDSA23395; VCDSA23392","2"
"350","CVE-2009-2718","VCDSA23395; VCDSA23392","2"
"351","CVE-2009-2719","VCDSA23395; VCDSA23392","2"
"352","CVE-2009-2720","VCDSA23395; VCDSA23392","2"
"353","CVE-2009-2721","VCDSA23395; VCDSA23392","2"
"354","CVE-2009-2722","VCDSA23395; VCDSA23392","2"
"355","CVE-2009-2723","VCDSA23395; VCDSA23392","2"
"356","CVE-2009-2724","VCDSA23395; VCDSA23392","2"
"357","CVE-2009-2730","VCDSA23392","1"
"358","CVE-2009-2813","VCDSA23376","1"
"359","CVE-2009-2847","VCDSA23392","1"
"360","CVE-2009-2848","VCDSA23379; VCDSA23392","2"
"361","CVE-2009-2849","VCDSA23374","1"
"362","CVE-2009-2901","VCDSA23418","1"
"363","CVE-2009-2902","VCDSA23418","1"
"364","CVE-2009-2904","VCDSA23374","1"
"365","CVE-2009-2905","VCDSA23374","1"
"366","CVE-2009-2906","VCDSA23376","1"
"367","CVE-2009-2908","VCDSA23378; VCDSA23374","2"
"368","CVE-2009-2910","VCDSA23378","1"
"369","CVE-2009-2948","VCDSA23376","1"
"370","CVE-2009-2968","VCDSA23388","1"
"371","CVE-2009-3002","VCDSA23379","1"
"372","CVE-2009-3080","VCDSA23424; VCDSA23378","2"
"373","CVE-2009-3228","VCDSA23378; VCDSA23374","2"
"374","CVE-2009-3245","VCDSA23413","1"
"375","CVE-2009-3274","VCDSA23394","1"
"376","CVE-2009-3281","VCDSA23389","1"
"377","CVE-2009-3282","VCDSA23389","1"
"378","CVE-2009-3286","VCDSA23378; VCDSA23374","2"
"379","CVE-2009-3370","VCDSA23394","1"
"380","CVE-2009-3372","VCDSA23394","1"
"381","CVE-2009-3373","VCDSA23394","1"
"382","CVE-2009-3374","VCDSA23394","1"
"383","CVE-2009-3375","VCDSA23394","1"
"384","CVE-2009-3376","VCDSA23394","1"
"385","CVE-2009-3380","VCDSA23394","1"
"386","CVE-2009-3382","VCDSA23394","1"
"387","CVE-2009-3547","VCDSA23379; VCDSA23378; VCDSA23374","3"
"388","CVE-2009-3548","VCDSA23418","1"
"389","CVE-2009-3555","VCDSA23418; VCDSA23414; VCDSA23413","3"
"390","CVE-2009-3556","VCDSA23378","1"
"391","CVE-2009-3560","VCDSA23405; VCDSA23374","2"
"392","CVE-2009-3563","VCDSA23378; VCDSA23374","2"
"393","CVE-2009-3612","VCDSA23378; VCDSA23374","2"
"394","CVE-2009-3613","VCDSA23378; VCDSA23374","2"
"395","CVE-2009-3620","VCDSA23378; VCDSA23374","2"
"396","CVE-2009-3621","VCDSA23378; VCDSA23374","2"
"397","CVE-2009-3707","VCDSA23377","1"
"398","CVE-2009-3720","VCDSA23405; VCDSA23374","2"
"399","CVE-2009-3726","VCDSA23378; VCDSA23374","2"
"400","CVE-2009-3728","VCDSA23395","1"
"401","CVE-2009-3729","VCDSA23395","1"
"402","CVE-2009-3731","VCDSA23393","1"
"403","CVE-2009-3732","VCDSA23377","1"
"404","CVE-2009-3733","VCDSA23391","1"
"405","CVE-2009-3736","VCDSA23378","1"
"406","CVE-2009-3767","VCDSA23413","1"
"407","CVE-2009-3864","VCDSA23395","1"
"408","CVE-2009-3865","VCDSA23395","1"
"409","CVE-2009-3866","VCDSA23395","1"
"410","CVE-2009-3867","VCDSA23395","1"
"411","CVE-2009-3868","VCDSA23395","1"
"412","CVE-2009-3869","VCDSA23395","1"
"413","CVE-2009-3871","VCDSA23395","1"
"414","CVE-2009-3872","VCDSA23395","1"
"415","CVE-2009-3873","VCDSA23395","1"
"416","CVE-2009-3874","VCDSA23395","1"
"417","CVE-2009-3875","VCDSA23395","1"
"418","CVE-2009-3876","VCDSA23395","1"
"419","CVE-2009-3877","VCDSA23395","1"
"420","CVE-2009-3879","VCDSA23395","1"
"421","CVE-2009-3880","VCDSA23395","1"
"422","CVE-2009-3881","VCDSA23395","1"
"423","CVE-2009-3882","VCDSA23395","1"
"424","CVE-2009-3883","VCDSA23395","1"
"425","CVE-2009-3884","VCDSA23395","1"
"426","CVE-2009-3885","VCDSA23395","1"
"427","CVE-2009-3886","VCDSA23395","1"
"428","CVE-2009-3889","VCDSA23378","1"
"429","CVE-2009-3939","VCDSA23378","1"
"430","CVE-2009-4020","VCDSA23378","1"
"431","CVE-2009-4021","VCDSA23378","1"
"432","CVE-2009-4022","VCDSA23374","1"
"433","CVE-2009-4138","VCDSA23378","1"
"434","CVE-2009-4141","VCDSA23378","1"
"435","CVE-2009-4212","VCDSA23402; VCDSA23378","2"
"436","CVE-2009-4272","VCDSA23378","1"
"437","CVE-2009-4308","VCDSA23418","1"
"438","CVE-2009-4355","VCDSA23378","1"
"439","CVE-2009-4536","VCDSA23424; VCDSA23378","2"
"440","CVE-2009-4537","VCDSA23378","1"
"441","CVE-2009-4538","VCDSA23378","1"
"442","CVE-2009-5029","VCDSA23441; VCDSA23437","2"
"443","CVE-2009-5064","VCDSA23441; VCDSA23437","2"
"444","CVE-2010-0001","VCDSA23378","1"
"445","CVE-2010-0003","VCDSA23418","1"
"446","CVE-2010-0007","VCDSA23418","1"
"447","CVE-2010-0008","VCDSA23418","1"
"448","CVE-2010-0082","VCDSA23418","1"
"449","CVE-2010-0084","VCDSA23418","1"
"450","CVE-2010-0085","VCDSA23418","1"
"451","CVE-2010-0087","VCDSA23418","1"
"452","CVE-2010-0088","VCDSA23418","1"
"453","CVE-2010-0089","VCDSA23418","1"
"454","CVE-2010-0090","VCDSA23418","1"
"455","CVE-2010-0091","VCDSA23418","1"
"456","CVE-2010-0092","VCDSA23418","1"
"457","CVE-2010-0093","VCDSA23418","1"
"458","CVE-2010-0094","VCDSA23418","1"
"459","CVE-2010-0095","VCDSA23418","1"
"460","CVE-2010-0097","VCDSA23378","1"
"461","CVE-2010-0205","VCDSA23412","1"
"462","CVE-2010-0211","VCDSA23416","1"
"463","CVE-2010-0212","VCDSA23416","1"
"464","CVE-2010-0290","VCDSA23378","1"
"465","CVE-2010-0291","VCDSA23418; VCDSA23403; VCDSA23402","3"
"466","CVE-2010-0296","VCDSA23427; VCDSA23425","2"
"467","CVE-2010-0307","VCDSA23418; VCDSA23403; VCDSA23402","3"
"468","CVE-2010-0382","VCDSA23378","1"
"469","CVE-2010-0405","VCDSA23408; VCDSA23414","2"
"470","CVE-2010-0410","VCDSA23418","1"
"471","CVE-2010-0415","VCDSA23418; VCDSA23403; VCDSA23402","3"
"472","CVE-2010-0425","VCDSA23412","1"
"473","CVE-2010-0426","VCDSA23378","1"
"474","CVE-2010-0427","VCDSA23378","1"
"475","CVE-2010-0433","VCDSA23418; VCDSA23413","2"
"476","CVE-2010-0434","VCDSA23412","1"
"477","CVE-2010-0437","VCDSA23418","1"
"478","CVE-2010-0547","VCDSA23405","1"
"479","CVE-2010-0622","VCDSA23418; VCDSA23403; VCDSA23402","3"
"480","CVE-2010-0624","VCDSA23411","1"
"481","CVE-2010-0686","VCDSA23375","1"
"482","CVE-2010-0730","VCDSA23418","1"
"483","CVE-2010-0734","VCDSA23418; VCDSA23413","2"
"484","CVE-2010-0740","VCDSA23418","1"
"485","CVE-2010-0787","VCDSA23405","1"
"486","CVE-2010-0826","VCDSA23413","1"
"487","CVE-2010-0830","VCDSA23441; VCDSA23437","2"
"488","CVE-2010-0837","VCDSA23418","1"
"489","CVE-2010-0838","VCDSA23418","1"
"490","CVE-2010-0839","VCDSA23418","1"
"491","CVE-2010-0840","VCDSA23418","1"
"492","CVE-2010-0841","VCDSA23418","1"
"493","CVE-2010-0842","VCDSA23418","1"
"494","CVE-2010-0843","VCDSA23418","1"
"495","CVE-2010-0844","VCDSA23418","1"
"496","CVE-2010-0845","VCDSA23418","1"
"497","CVE-2010-0846","VCDSA23418","1"
"498","CVE-2010-0847","VCDSA23418","1"
"499","CVE-2010-0848","VCDSA23418","1"
"500","CVE-2010-0849","VCDSA23418","1"
"501","CVE-2010-0850","VCDSA23418","1"
"502","CVE-2010-0886","VCDSA23418","1"
"503","CVE-2010-1083","VCDSA23427","1"
"504","CVE-2010-1084","VCDSA23418","1"
"505","CVE-2010-1085","VCDSA23418","1"
"506","CVE-2010-1086","VCDSA23418","1"
"507","CVE-2010-1087","VCDSA23418; VCDSA23403; VCDSA23402","3"
"508","CVE-2010-1088","VCDSA23418; VCDSA23403; VCDSA23402","3"
"509","CVE-2010-1137","VCDSA23375","1"
"510","CVE-2010-1138","VCDSA23377","1"
"511","CVE-2010-1139","VCDSA23377","1"
"512","CVE-2010-1140","VCDSA23377","1"
"513","CVE-2010-1141","VCDSA23377","1"
"514","CVE-2010-1142","VCDSA23377","1"
"515","CVE-2010-1157","VCDSA23418","1"
"516","CVE-2010-1168","VCDSA23411","1"
"517","CVE-2010-1173","VCDSA23418","1"
"518","CVE-2010-1187","VCDSA23418","1"
"519","CVE-2010-1188","VCDSA23424","1"
"520","CVE-2010-1193","VCDSA23375","1"
"521","CVE-2010-1205","VCDSA23412","1"
"522","CVE-2010-1321","VCDSA23428; VCDSA23418; VCDSA23402; VCDSA23411","4"
"523","CVE-2010-1323","VCDSA23427; VCDSA23422","2"
"524","CVE-2010-1324","VCDSA23422","1"
"525","CVE-2010-1436","VCDSA23418","1"
"526","CVE-2010-1437","VCDSA23418; VCDSA23403; VCDSA23402","3"
"527","CVE-2010-1447","VCDSA23411","1"
"528","CVE-2010-1634","VCDSA23405","1"
"529","CVE-2010-1641","VCDSA23418","1"
"530","CVE-2010-1646","VCDSA23413","1"
"531","CVE-2010-1870","VCDSA23420","1"
"532","CVE-2010-2054","VCDSA23428","1"
"533","CVE-2010-2059","VCDSA23405; VCDSA23419","2"
"534","CVE-2010-2063","VCDSA23411","1"
"535","CVE-2010-2066","VCDSA23418","1"
"536","CVE-2010-2070","VCDSA23418","1"
"537","CVE-2010-2089","VCDSA23405","1"
"538","CVE-2010-2226","VCDSA23418","1"
"539","CVE-2010-2227","VCDSA23418","1"
"540","CVE-2010-2240","VCDSA23424; VCDSA23422; VCDSA23418","3"
"541","CVE-2010-2248","VCDSA23418","1"
"542","CVE-2010-2249","VCDSA23412","1"
"543","CVE-2010-2427","VCDSA23380","1"
"544","CVE-2010-2492","VCDSA23427","1"
"545","CVE-2010-2521","VCDSA23418","1"
"546","CVE-2010-2524","VCDSA23418","1"
"547","CVE-2010-2667","VCDSA23380","1"
"548","CVE-2010-2761","VCDSA23437","1"
"549","CVE-2010-2798","VCDSA23427","1"
"550","CVE-2010-2928","VCDSA23418","1"
"551","CVE-2010-2938","VCDSA23427","1"
"552","CVE-2010-2939","VCDSA23418","1"
"553","CVE-2010-2942","VCDSA23427","1"
"554","CVE-2010-2943","VCDSA23427","1"
"555","CVE-2010-2956","VCDSA23416","1"
"556","CVE-2010-3015","VCDSA23427","1"
"557","CVE-2010-3066","VCDSA23427","1"
"558","CVE-2010-3067","VCDSA23427","1"
"559","CVE-2010-3069","VCDSA23414","1"
"560","CVE-2010-3078","VCDSA23427","1"
"561","CVE-2010-3081","VCDSA23418; VCDSA23403","2"
"562","CVE-2010-3086","VCDSA23427","1"
"563","CVE-2010-3170","VCDSA23428","1"
"564","CVE-2010-3173","VCDSA23428","1"
"565","CVE-2010-3277","VCDSA23412","1"
"566","CVE-2010-3296","VCDSA23427","1"
"567","CVE-2010-3316","VCDSA23419","1"
"568","CVE-2010-3432","VCDSA23427","1"
"569","CVE-2010-3435","VCDSA23419","1"
"570","CVE-2010-3442","VCDSA23427","1"
"571","CVE-2010-3477","VCDSA23427","1"
"572","CVE-2010-3493","VCDSA23405","1"
"573","CVE-2010-3541","VCDSA23428; VCDSA23418","2"
"574","CVE-2010-3548","VCDSA23428; VCDSA23418","2"
"575","CVE-2010-3549","VCDSA23428; VCDSA23418","2"
"576","CVE-2010-3550","VCDSA23428; VCDSA23418","2"
"577","CVE-2010-3551","VCDSA23428; VCDSA23418","2"
"578","CVE-2010-3552","VCDSA23428","1"
"579","CVE-2010-3553","VCDSA23428; VCDSA23418","2"
"580","CVE-2010-3554","VCDSA23428; VCDSA23418","2"
"581","CVE-2010-3555","VCDSA23428","1"
"582","CVE-2010-3556","VCDSA23428; VCDSA23418","2"
"583","CVE-2010-3557","VCDSA23428; VCDSA23418","2"
"584","CVE-2010-3558","VCDSA23428","1"
"585","CVE-2010-3559","VCDSA23428; VCDSA23418","2"
"586","CVE-2010-3560","VCDSA23428","1"
"587","CVE-2010-3561","VCDSA23428; VCDSA23418","2"
"588","CVE-2010-3562","VCDSA23428; VCDSA23418","2"
"589","CVE-2010-3563","VCDSA23428","1"
"590","CVE-2010-3565","VCDSA23428; VCDSA23418","2"
"591","CVE-2010-3566","VCDSA23428; VCDSA23418","2"
"592","CVE-2010-3567","VCDSA23428; VCDSA23418","2"
"593","CVE-2010-3568","VCDSA23428; VCDSA23418","2"
"594","CVE-2010-3569","VCDSA23428; VCDSA23418","2"
"595","CVE-2010-3570","VCDSA23428","1"
"596","CVE-2010-3571","VCDSA23428; VCDSA23418","2"
"597","CVE-2010-3572","VCDSA23428; VCDSA23418","2"
"598","CVE-2010-3573","VCDSA23428; VCDSA23418","2"
"599","CVE-2010-3574","VCDSA23428; VCDSA23418","2"
"600","CVE-2010-3609","VCDSA23419","1"
"601","CVE-2010-3613","VCDSA23419","1"
"602","CVE-2010-3614","VCDSA23419","1"
"603","CVE-2010-3699","VCDSA23427","1"
"604","CVE-2010-3762","VCDSA23419","1"
"605","CVE-2010-3847","VCDSA23416","1"
"606","CVE-2010-3853","VCDSA23419","1"
"607","CVE-2010-3856","VCDSA23416","1"
"608","CVE-2010-3858","VCDSA23427","1"
"609","CVE-2010-3859","VCDSA23427","1"
"610","CVE-2010-3864","VCDSA23418","1"
"611","CVE-2010-3865","VCDSA23427","1"
"612","CVE-2010-3876","VCDSA23427","1"
"613","CVE-2010-3877","VCDSA23427","1"
"614","CVE-2010-3880","VCDSA23427","1"
"615","CVE-2010-3904","VCDSA23427","1"
"616","CVE-2010-4008","VCDSA23436; VCDSA23432","2"
"617","CVE-2010-4020","VCDSA23422","1"
"618","CVE-2010-4021","VCDSA23422","1"
"619","CVE-2010-4072","VCDSA23427","1"
"620","CVE-2010-4073","VCDSA23427","1"
"621","CVE-2010-4075","VCDSA23427","1"
"622","CVE-2010-4080","VCDSA23427","1"
"623","CVE-2010-4081","VCDSA23427","1"
"624","CVE-2010-4083","VCDSA23427","1"
"625","CVE-2010-4157","VCDSA23427","1"
"626","CVE-2010-4158","VCDSA23427","1"
"627","CVE-2010-4161","VCDSA23427","1"
"628","CVE-2010-4180","VCDSA23437; VCDSA23428","2"
"629","CVE-2010-4238","VCDSA23427","1"
"630","CVE-2010-4242","VCDSA23427","1"
"631","CVE-2010-4243","VCDSA23427","1"
"632","CVE-2010-4247","VCDSA23427","1"
"633","CVE-2010-4248","VCDSA23427","1"
"634","CVE-2010-4249","VCDSA23427","1"
"635","CVE-2010-4251","VCDSA23427","1"
"636","CVE-2010-4252","VCDSA23437","1"
"637","CVE-2010-4255","VCDSA23427","1"
"638","CVE-2010-4263","VCDSA23427","1"
"639","CVE-2010-4294","VCDSA23404","1"
"640","CVE-2010-4295","VCDSA23404","1"
"641","CVE-2010-4296","VCDSA23404","1"
"642","CVE-2010-4297","VCDSA23404","1"
"643","CVE-2010-4343","VCDSA23427","1"
"644","CVE-2010-4346","VCDSA23427","1"
"645","CVE-2010-4410","VCDSA23437","1"
"646","CVE-2010-4422","VCDSA23428","1"
"647","CVE-2010-4447","VCDSA23428","1"
"648","CVE-2010-4448","VCDSA23428","1"
"649","CVE-2010-4450","VCDSA23428","1"
"650","CVE-2010-4451","VCDSA23428","1"
"651","CVE-2010-4452","VCDSA23428","1"
"652","CVE-2010-4454","VCDSA23428","1"
"653","CVE-2010-4462","VCDSA23428","1"
"654","CVE-2010-4463","VCDSA23428","1"
"655","CVE-2010-4465","VCDSA23428","1"
"656","CVE-2010-4466","VCDSA23428","1"
"657","CVE-2010-4467","VCDSA23428","1"
"658","CVE-2010-4468","VCDSA23428","1"
"659","CVE-2010-4469","VCDSA23428","1"
"660","CVE-2010-4470","VCDSA23428","1"
"661","CVE-2010-4471","VCDSA23428","1"
"662","CVE-2010-4472","VCDSA23428","1"
"663","CVE-2010-4473","VCDSA23428","1"
"664","CVE-2010-4474","VCDSA23428","1"
"665","CVE-2010-4475","VCDSA23428","1"
"666","CVE-2010-4476","VCDSA23428","1"
"667","CVE-2010-4494","VCDSA23436","1"
"668","CVE-2010-4526","VCDSA23427","1"
"669","CVE-2010-4573","VCDSA23415","1"
"670","CVE-2010-4649","VCDSA23405","1"
"671","CVE-2010-4655","VCDSA23427","1"
"672","CVE-2010-5298","VCDSA23447","1"
"673","CVE-2011-0002","VCDSA23428","1"
"674","CVE-2011-0014","VCDSA23437","1"
"675","CVE-2011-0216","VCDSA23436; VCDSA23432","2"
"676","CVE-2011-0281","VCDSA23427","1"
"677","CVE-2011-0282","VCDSA23427","1"
"678","CVE-2011-0355","VCDSA23417","1"
"679","CVE-2011-0426","VCDSA23423","1"
"680","CVE-2011-0521","VCDSA23427","1"
"681","CVE-2011-0536","VCDSA23427; VCDSA23425","2"
"682","CVE-2011-0695","VCDSA23405","1"
"683","CVE-2011-0710","VCDSA23427","1"
"684","CVE-2011-0711","VCDSA23405","1"
"685","CVE-2011-0726","VCDSA23405","1"
"686","CVE-2011-0802","VCDSA23428","1"
"687","CVE-2011-0814","VCDSA23428","1"
"688","CVE-2011-0815","VCDSA23428","1"
"689","CVE-2011-0862","VCDSA23428","1"
"690","CVE-2011-0864","VCDSA23428","1"
"691","CVE-2011-0865","VCDSA23428","1"
"692","CVE-2011-0867","VCDSA23428","1"
"693","CVE-2011-0871","VCDSA23428","1"
"694","CVE-2011-0873","VCDSA23428","1"
"695","CVE-2011-0997","VCDSA23425","1"
"696","CVE-2011-1010","VCDSA23427","1"
"697","CVE-2011-1015","VCDSA23405","1"
"698","CVE-2011-1020","VCDSA23437","1"
"699","CVE-2011-1044","VCDSA23405","1"
"700","CVE-2011-1071","VCDSA23427; VCDSA23425","2"
"701","CVE-2011-1078","VCDSA23405","1"
"702","CVE-2011-1079","VCDSA23405","1"
"703","CVE-2011-1080","VCDSA23405","1"
"704","CVE-2011-1089","VCDSA23441; VCDSA23437","2"
"705","CVE-2011-1090","VCDSA23427","1"
"706","CVE-2011-1093","VCDSA23405","1"
"707","CVE-2011-1095","VCDSA23427; VCDSA23425","2"
"708","CVE-2011-1126","VCDSA23421","1"
"709","CVE-2011-1163","VCDSA23405","1"
"710","CVE-2011-1166","VCDSA23405","1"
"711","CVE-2011-1170","VCDSA23405","1"
"712","CVE-2011-1171","VCDSA23405","1"
"713","CVE-2011-1172","VCDSA23405","1"
"714","CVE-2011-1182","VCDSA23405","1"
"715","CVE-2011-1202","VCDSA23442; VCDSA23441","2"
"716","CVE-2011-1478","VCDSA23427","1"
"717","CVE-2011-1494","VCDSA23405; VCDSA23427","2"
"718","CVE-2011-1495","VCDSA23405; VCDSA23427","2"
"719","CVE-2011-1521","VCDSA23405","1"
"720","CVE-2011-1573","VCDSA23405","1"
"721","CVE-2011-1576","VCDSA23405","1"
"722","CVE-2011-1577","VCDSA23405","1"
"723","CVE-2011-1593","VCDSA23405","1"
"724","CVE-2011-1658","VCDSA23427; VCDSA23425","2"
"725","CVE-2011-1659","VCDSA23427; VCDSA23425","2"
"726","CVE-2011-1678","VCDSA23405","1"
"727","CVE-2011-1745","VCDSA23405","1"
"728","CVE-2011-1746","VCDSA23405","1"
"729","CVE-2011-1763","VCDSA23405","1"
"730","CVE-2011-1776","VCDSA23405","1"
"731","CVE-2011-1780","VCDSA23405","1"
"732","CVE-2011-1785","VCDSA23423; VCDSA23422","2"
"733","CVE-2011-1786","VCDSA23422","1"
"734","CVE-2011-1787","VCDSA23424","1"
"735","CVE-2011-1788","VCDSA23423","1"
"736","CVE-2011-1789","VCDSA23423","1"
"737","CVE-2011-1833","VCDSA23437","1"
"738","CVE-2011-1936","VCDSA23405","1"
"739","CVE-2011-1944","VCDSA23436; VCDSA23432","2"
"740","CVE-2011-2022","VCDSA23405","1"
"741","CVE-2011-2145","VCDSA23424","1"
"742","CVE-2011-2146","VCDSA23424","1"
"743","CVE-2011-2192","VCDSA23405","1"
"744","CVE-2011-2213","VCDSA23405","1"
"745","CVE-2011-2217","VCDSA23424","1"
"746","CVE-2011-2482","VCDSA23430; VCDSA23405","2"
"747","CVE-2011-2484","VCDSA23437","1"
"748","CVE-2011-2491","VCDSA23405","1"
"749","CVE-2011-2492","VCDSA23405","1"
"750","CVE-2011-2495","VCDSA23405","1"
"751","CVE-2011-2496","VCDSA23437","1"
"752","CVE-2011-2517","VCDSA23405","1"
"753","CVE-2011-2519","VCDSA23405","1"
"754","CVE-2011-2522","VCDSA23405","1"
"755","CVE-2011-2525","VCDSA23405","1"
"756","CVE-2011-2689","VCDSA23405","1"
"757","CVE-2011-2694","VCDSA23405","1"
"758","CVE-2011-2699","VCDSA23437","1"
"759","CVE-2011-2821","VCDSA23436","1"
"760","CVE-2011-2834","VCDSA23436; VCDSA23432","2"
"761","CVE-2011-2901","VCDSA23405","1"
"762","CVE-2011-3102","VCDSA23442; VCDSA23441","2"
"763","CVE-2011-3188","VCDSA23437","1"
"764","CVE-2011-3190","VCDSA23408","1"
"765","CVE-2011-3191","VCDSA23432; VCDSA23430","2"
"766","CVE-2011-3209","VCDSA23437","1"
"767","CVE-2011-3363","VCDSA23437","1"
"768","CVE-2011-3375","VCDSA23408","1"
"769","CVE-2011-3378","VCDSA23405","1"
"770","CVE-2011-3548","VCDSA23407","1"
"771","CVE-2011-3597","VCDSA23437","1"
"772","CVE-2011-3868","VCDSA23426","1"
"773","CVE-2011-3905","VCDSA23436; VCDSA23432","2"
"774","CVE-2011-3919","VCDSA23436; VCDSA23432","2"
"775","CVE-2011-3970","VCDSA23442; VCDSA23441","2"
"776","CVE-2011-4108","VCDSA23437","1"
"777","CVE-2011-4109","VCDSA23437","1"
"778","CVE-2011-4110","VCDSA23437","1"
"779","CVE-2011-4128","VCDSA23437","1"
"780","CVE-2011-4132","VCDSA23437","1"
"781","CVE-2011-4324","VCDSA23437","1"
"782","CVE-2011-4325","VCDSA23437","1"
"783","CVE-2011-4348","VCDSA23432; VCDSA23430","2"
"784","CVE-2011-4404","VCDSA23429","1"
"785","CVE-2011-4576","VCDSA23437","1"
"786","CVE-2011-4577","VCDSA23437","1"
"787","CVE-2011-4609","VCDSA23441; VCDSA23437","2"
"788","CVE-2011-4619","VCDSA23437","1"
"789","CVE-2011-4862","VCDSA23430","1"
"790","CVE-2011-4940","VCDSA23440","1"
"791","CVE-2011-4944","VCDSA23440","1"
"792","CVE-2011-5057","VCDSA23437","1"
"793","CVE-2012-0022","VCDSA23408","1"
"794","CVE-2012-0028","VCDSA23432","1"
"795","CVE-2012-0050","VCDSA23437","1"
"796","CVE-2012-0060","VCDSA23437","1"
"797","CVE-2012-0061","VCDSA23437","1"
"798","CVE-2012-0207","VCDSA23437","1"
"799","CVE-2012-0391","VCDSA23437","1"
"800","CVE-2012-0392","VCDSA23437","1"
"801","CVE-2012-0393","VCDSA23437","1"
"802","CVE-2012-0394","VCDSA23437","1"
"803","CVE-2012-0441","VCDSA23440","1"
"804","CVE-2012-0815","VCDSA23437","1"
"805","CVE-2012-0841","VCDSA23437; VCDSA23436","2"
"806","CVE-2012-0864","VCDSA23441; VCDSA23437","2"
"807","CVE-2012-0876","VCDSA23440","1"
"808","CVE-2012-0897","VCDSA23479","1"
"809","CVE-2012-1033","VCDSA23440","1"
"810","CVE-2012-1148","VCDSA23440","1"
"811","CVE-2012-1150","VCDSA23440","1"
"812","CVE-2012-1472","VCDSA23406","1"
"813","CVE-2012-1508","VCDSA23408","1"
"814","CVE-2012-1509","VCDSA23408","1"
"815","CVE-2012-1510","VCDSA23408","1"
"816","CVE-2012-1512","VCDSA23408","1"
"817","CVE-2012-1513","VCDSA23408","1"
"818","CVE-2012-1514","VCDSA23408","1"
"819","CVE-2012-1515","VCDSA23430","1"
"820","CVE-2012-1516","VCDSA23433","1"
"821","CVE-2012-1517","VCDSA23433","1"
"822","CVE-2012-1518","VCDSA23431","1"
"823","CVE-2012-1569","VCDSA23437","1"
"824","CVE-2012-1573","VCDSA23437","1"
"825","CVE-2012-1583","VCDSA23437","1"
"826","CVE-2012-1667","VCDSA23440","1"
"827","CVE-2012-2110","VCDSA23444; VCDSA23443; VCDSA23437","3"
"828","CVE-2012-2337","VCDSA23451; VCDSA23450","2"
"829","CVE-2012-2372","VCDSA23459","1"
"830","CVE-2012-2448","VCDSA23433","1"
"831","CVE-2012-2449","VCDSA23433","1"
"832","CVE-2012-2450","VCDSA23433","1"
"833","CVE-2012-2733","VCDSA23450; VCDSA23410","2"
"834","CVE-2012-2752","VCDSA23434","1"
"835","CVE-2012-2807","VCDSA23442; VCDSA23441","2"
"836","CVE-2012-2825","VCDSA23442; VCDSA23441","2"
"837","CVE-2012-2834","VCDSA23432","1"
"838","CVE-2012-2870","VCDSA23442; VCDSA23441","2"
"839","CVE-2012-2871","VCDSA23442; VCDSA23441","2"
"840","CVE-2012-3191","VCDSA23432","1"
"841","CVE-2012-3288","VCDSA23435","1"
"842","CVE-2012-3289","VCDSA23435","1"
"843","CVE-2012-3404","VCDSA23441","1"
"844","CVE-2012-3405","VCDSA23441","1"
"845","CVE-2012-3406","VCDSA23441","1"
"846","CVE-2012-3440","VCDSA23451; VCDSA23450","2"
"847","CVE-2012-3480","VCDSA23441","1"
"848","CVE-2012-3546","VCDSA23450; VCDSA23410","2"
"849","CVE-2012-3552","VCDSA23459","1"
"850","CVE-2012-3569","VCDSA23439","1"
"851","CVE-2012-3817","VCDSA23440","1"
"852","CVE-2012-3905","VCDSA23432","1"
"853","CVE-2012-3919","VCDSA23432","1"
"854","CVE-2012-4244","VCDSA23442; VCDSA23441","2"
"855","CVE-2012-4348","VCDSA23432","1"
"856","CVE-2012-4431","VCDSA23450; VCDSA23410","2"
"857","CVE-2012-4534","VCDSA23450; VCDSA23410","2"
"858","CVE-2012-4897","VCDSA23438","1"
"859","CVE-2012-5050","VCDSA23438","1"
"860","CVE-2012-5051","VCDSA23438","1"
"861","CVE-2012-5134","VCDSA23409; VCDSA23444","2"
"862","CVE-2012-5458","VCDSA23439","1"
"863","CVE-2012-5459","VCDSA23439","1"
"864","CVE-2012-5703","VCDSA23440","1"
"865","CVE-2012-5885","VCDSA23450; VCDSA23410","2"
"866","CVE-2012-5886","VCDSA23450; VCDSA23410","2"
"867","CVE-2012-5887","VCDSA23450; VCDSA23410","2"
"868","CVE-2012-6324","VCDSA23441","1"
"869","CVE-2012-6325","VCDSA23441","1"
"870","CVE-2012-6326","VCDSA23441","1"
"871","CVE-2013-0166","VCDSA23453; VCDSA23452","2"
"872","CVE-2013-0169","VCDSA23453; VCDSA23452","2"
"873","CVE-2013-0242","VCDSA23465","1"
"874","CVE-2013-0268","VCDSA23453; VCDSA23452","2"
"875","CVE-2013-0338","VCDSA23453; VCDSA23452","2"
"876","CVE-2013-0791","VCDSA23459; VCDSA23458","2"
"877","CVE-2013-0871","VCDSA23453; VCDSA23452","2"
"878","CVE-2013-1405","VCDSA23442; VCDSA23441","2"
"879","CVE-2013-1406","VCDSA23443; VCDSA23442","2"
"880","CVE-2013-1620","VCDSA23459; VCDSA23458","2"
"881","CVE-2013-1659","VCDSA23444; VCDSA23443","2"
"882","CVE-2013-1661","VCDSA23455; VCDSA23454","2"
"883","CVE-2013-1662","VCDSA23454; VCDSA23453","2"
"884","CVE-2013-1752","VCDSA23469","1"
"885","CVE-2013-1899","VCDSA23410; VCDSA23409","2"
"886","CVE-2013-1900","VCDSA23410; VCDSA23409","2"
"887","CVE-2013-1901","VCDSA23410; VCDSA23409","2"
"888","CVE-2013-1914","VCDSA23465","1"
"889","CVE-2013-2116","VCDSA23453; VCDSA23452","2"
"890","CVE-2013-2147","VCDSA23459","1"
"891","CVE-2013-2164","VCDSA23459","1"
"892","CVE-2013-2206","VCDSA23459","1"
"893","CVE-2013-2224","VCDSA23459","1"
"894","CVE-2013-2232","VCDSA23459","1"
"895","CVE-2013-2234","VCDSA23459","1"
"896","CVE-2013-2237","VCDSA23459","1"
"897","CVE-2013-2877","VCDSA23469","1"
"898","CVE-2013-3079","VCDSA23450; VCDSA23410","2"
"899","CVE-2013-3080","VCDSA23450; VCDSA23410","2"
"900","CVE-2013-3107","VCDSA23450; VCDSA23410","2"
"901","CVE-2013-3519","VCDSA23458; VCDSA23457","2"
"902","CVE-2013-3520","VCDSA23452; VCDSA23451","2"
"903","CVE-2013-4238","VCDSA23469","1"
"904","CVE-2013-4322","VCDSA23465","1"
"905","CVE-2013-4332","VCDSA23462","1"
"906","CVE-2013-4590","VCDSA23465","1"
"907","CVE-2013-5211","VCDSA23462","1"
"908","CVE-2013-5970","VCDSA23456; VCDSA23455","2"
"909","CVE-2013-5971","VCDSA23456; VCDSA23455","2"
"910","CVE-2013-5972","VCDSA23457; VCDSA23456","2"
"911","CVE-2013-5973","VCDSA23460","1"
"912","CVE-2014-0015","VCDSA23469","1"
"913","CVE-2014-0050","VCDSA23465; VCDSA23464","2"
"914","CVE-2014-0076","VCDSA23445","1"
"915","CVE-2014-0094","VCDSA23464","1"
"916","CVE-2014-0112","VCDSA23464","1"
"917","CVE-2014-0114","VCDSA23465","1"
"918","CVE-2014-0138","VCDSA23469","1"
"919","CVE-2014-0160","VCDSA23445","1"
"920","CVE-2014-0191","VCDSA23469","1"
"921","CVE-2014-0195","VCDSA23447","1"
"922","CVE-2014-0198","VCDSA23447","1"
"923","CVE-2014-0221","VCDSA23447","1"
"924","CVE-2014-0224","VCDSA23447","1"
"925","CVE-2014-1207","VCDSA23461","1"
"926","CVE-2014-1208","VCDSA23461","1"
"927","CVE-2014-1209","VCDSA23463","1"
"928","CVE-2014-1210","VCDSA23463","1"
"929","CVE-2014-1211","VCDSA23461","1"
"930","CVE-2014-3470","VCDSA23447","1"
"931","CVE-2014-3513","VCDSA23471","1"
"932","CVE-2014-3566","VCDSA23471","1"
"933","CVE-2014-3567","VCDSA23471","1"
"934","CVE-2014-3568","VCDSA23471","1"
"935","CVE-2014-3660","VCDSA23471","1"
"936","CVE-2014-3793","VCDSA23446","1"
"937","CVE-2014-3796","VCDSA23466","1"
"938","CVE-2014-3797","VCDSA23469","1"
"939","CVE-2014-4624","VCDSA23468","1"
"940","CVE-2014-4632","VCDSA23448","1"
"941","CVE-2014-6271","VCDSA23467","1"
"942","CVE-2014-6277","VCDSA23467","1"
"943","CVE-2014-6278","VCDSA23467","1"
"944","CVE-2014-6593","VCDSA23449","1"
"945","CVE-2014-7169","VCDSA23467","1"
"946","CVE-2014-7186","VCDSA23467","1"
"947","CVE-2014-7187","VCDSA23467","1"
"948","CVE-2014-8370","VCDSA23471","1"
"949","CVE-2014-8371","VCDSA23469","1"
"950","CVE-2014-8373","VCDSA23470","1"
"951","CVE-2015-1043","VCDSA23471","1"
"952","CVE-2015-1044","VCDSA23471","1"
"953","CVE-2015-1047","VCDSA23482","1"
"954","CVE-2015-2336","VCDSA23479","1"
"955","CVE-2015-2337","VCDSA23479","1"
"956","CVE-2015-2338","VCDSA23479","1"
"957","CVE-2015-2339","VCDSA23479","1"
"958","CVE-2015-2340","VCDSA23479","1"
"959","CVE-2015-2341","VCDSA23479","1"
"960","CVE-2015-2342","VCDSA23482","1"
"961","CVE-2015-2344","VCDSA23474","1"
"962","CVE-2015-3269","VCDSA23483","1"
"963","CVE-2015-3650","VCDSA23480","1"
"964","CVE-2015-5177","VCDSA23482","1"
"965","CVE-2015-5191","VCDSA23509","1"
"966","CVE-2015-5255","VCDSA23483","1"
"967","CVE-2015-6931","VCDSA23491","1"
"968","CVE-2015-6932","VCDSA23481","1"
"969","CVE-2015-6933","VCDSA23472","1"
"970","CVE-2015-6934","VCDSA23484","1"
"971","CVE-2015-7547","VCDSA23473","1"
"972","CVE-2016-2075","VCDSA23474","1"
"973","CVE-2016-2076","VCDSA23475","1"
"974","CVE-2016-2077","VCDSA23476","1"
"975","CVE-2016-2078","VCDSA23477","1"
"976","CVE-2016-2079","VCDSA23478","1"
"977","CVE-2016-2081","VCDSA23490","1"
"978","CVE-2016-2082","VCDSA23490","1"
"979","CVE-2016-3427","VCDSA23476","1"
"980","CVE-2016-5195","VCDSA23495","1"
"981","CVE-2016-5328","VCDSA23494","1"
"982","CVE-2016-5329","VCDSA23494","1"
"983","CVE-2016-5330","VCDSA23485; VCDSA23492","2"
"984","CVE-2016-5331","VCDSA23492","1"
"985","CVE-2016-5332","VCDSA23486; VCDSA23485","2"
"986","CVE-2016-5333","VCDSA23486","1"
"987","CVE-2016-5334","VCDSA23499","1"
"988","CVE-2016-5335","VCDSA23487","1"
"989","CVE-2016-5336","VCDSA23487","1"
"990","CVE-2016-7079","VCDSA23488","1"
"991","CVE-2016-7080","VCDSA23488","1"
"992","CVE-2016-7081","VCDSA23488","1"
"993","CVE-2016-7082","VCDSA23488","1"
"994","CVE-2016-7083","VCDSA23488","1"
"995","CVE-2016-7084","VCDSA23488","1"
"996","CVE-2016-7085","VCDSA23488","1"
"997","CVE-2016-7086","VCDSA23488","1"
"998","CVE-2016-7087","VCDSA23489","1"
"999","CVE-2016-7456","VCDSA23502","1"
"1000","CVE-2016-7457","VCDSA23493","1"
"1001","CVE-2016-7458","VCDSA23500","1"
"1002","CVE-2016-7459","VCDSA23500","1"
"1003","CVE-2016-7460","VCDSA23500","1"
"1004","CVE-2016-7461","VCDSA23496","1"
"1005","CVE-2016-7462","VCDSA23498","1"
"1006","CVE-2016-7463","VCDSA23501","1"
"1007","CVE-2017-15548","VCDSA23529","1"
"1008","CVE-2017-15549","VCDSA23529","1"
"1009","CVE-2017-15550","VCDSA23529","1"
"1010","CVE-2017-16544","VCDSA23558","1"
"1011","CVE-2017-4898","VCDSA23503","1"
"1012","CVE-2017-4899","VCDSA23503","1"
"1013","CVE-2017-4900","VCDSA23503","1"
"1014","CVE-2017-4901","VCDSA23516","1"
"1015","CVE-2017-4902","VCDSA23517","1"
"1016","CVE-2017-4903","VCDSA23517","1"
"1017","CVE-2017-4904","VCDSA23517","1"
"1018","CVE-2017-4905","VCDSA23517","1"
"1019","CVE-2017-4907","VCDSA23505","1"
"1020","CVE-2017-4908","VCDSA23505","1"
"1021","CVE-2017-4909","VCDSA23505","1"
"1022","CVE-2017-4910","VCDSA23505","1"
"1023","CVE-2017-4911","VCDSA23505","1"
"1024","CVE-2017-4912","VCDSA23505","1"
"1025","CVE-2017-4913","VCDSA23505","1"
"1026","CVE-2017-4914","VCDSA23507","1"
"1027","CVE-2017-4915","VCDSA23506","1"
"1028","CVE-2017-4916","VCDSA23506","1"
"1029","CVE-2017-4917","VCDSA23529; VCDSA23507","2"
"1030","CVE-2017-4919","VCDSA23508","1"
"1031","CVE-2017-4920","VCDSA23510","1"
"1032","CVE-2017-4921","VCDSA23509","1"
"1033","CVE-2017-4922","VCDSA23509","1"
"1034","CVE-2017-4923","VCDSA23509","1"
"1035","CVE-2017-4924","VCDSA23511","1"
"1036","CVE-2017-4925","VCDSA23511","1"
"1037","CVE-2017-4926","VCDSA23511","1"
"1038","CVE-2017-4927","VCDSA23512","1"
"1039","CVE-2017-4928","VCDSA23512","1"
"1040","CVE-2017-4929","VCDSA23514; VCDSA23512","2"
"1041","CVE-2017-4933","VCDSA23515","1"
"1042","CVE-2017-4934","VCDSA23513","1"
"1043","CVE-2017-4935","VCDSA23513","1"
"1044","CVE-2017-4936","VCDSA23513","1"
"1045","CVE-2017-4937","VCDSA23513","1"
"1046","CVE-2017-4938","VCDSA23513","1"
"1047","CVE-2017-4939","VCDSA23513","1"
"1048","CVE-2017-4940","VCDSA23515","1"
"1049","CVE-2017-4941","VCDSA23515","1"
"1050","CVE-2017-4943","VCDSA23515","1"
"1051","CVE-2017-4945","VCDSA23532","1"
"1052","CVE-2017-4946","VCDSA23532","1"
"1053","CVE-2017-4947","VCDSA23535","1"
"1054","CVE-2017-4948","VCDSA23532","1"
"1055","CVE-2017-4949","VCDSA23534; VCDSA23533; VCDSA23480","3"
"1056","CVE-2017-4950","VCDSA23534; VCDSA23533; VCDSA23480","3"
"1057","CVE-2017-4951","VCDSA23535","1"
"1058","CVE-2017-5638","VCDSA23504","1"
"1059","CVE-2017-5641","VCDSA23519","1"
"1060","CVE-2017-5715","VCDSA23536; VCDSA23533; VCDSA23530","3"
"1061","CVE-2017-5753","VCDSA23536; VCDSA23530","2"
"1062","CVE-2017-5754","VCDSA23536","1"
"1063","CVE-2018-11066","VCDSA23523","1"
"1064","CVE-2018-11067","VCDSA23523","1"
"1065","CVE-2018-11076","VCDSA23523","1"
"1066","CVE-2018-11077","VCDSA23523","1"
"1067","CVE-2018-12126","VCDSA23553","1"
"1068","CVE-2018-12127","VCDSA23553","1"
"1069","CVE-2018-12130","VCDSA23553","1"
"1070","CVE-2018-12207","VCDSA23565","1"
"1071","CVE-2018-3620","VCDSA23546","1"
"1072","CVE-2018-3639","VCDSA23540","1"
"1073","CVE-2018-3640","VCDSA23540","1"
"1074","CVE-2018-3646","VCDSA23553; VCDSA23545","2"
"1075","CVE-2018-6957","VCDSA23537","1"
"1076","CVE-2018-6958","VCDSA23538","1"
"1077","CVE-2018-6959","VCDSA23538","1"
"1078","CVE-2018-6962","VCDSA23541","1"
"1079","CVE-2018-6963","VCDSA23541","1"
"1080","CVE-2018-6965","VCDSA23542","1"
"1081","CVE-2018-6966","VCDSA23542","1"
"1082","CVE-2018-6967","VCDSA23542","1"
"1083","CVE-2018-6969","VCDSA23543","1"
"1084","CVE-2018-6971","VCDSA23544","1"
"1085","CVE-2018-6972","VCDSA23544","1"
"1086","CVE-2018-6974","VCDSA23520","1"
"1087","CVE-2018-6977","VCDSA23548","1"
"1088","CVE-2018-6978","VCDSA23525","1"
"1089","CVE-2018-6980","VCDSA23522","1"
"1090","CVE-2018-6981","VCDSA23521","1"
"1091","CVE-2018-6982","VCDSA23521","1"
"1092","CVE-2018-6983","VCDSA23524","1"
"1093","CVE-2019-11091","VCDSA23553","1"
"1094","CVE-2019-11135","VCDSA23565","1"
"1095","CVE-2019-11477","VCDSA23555","1"
"1096","CVE-2019-11478","VCDSA23555","1"
"1097","CVE-2019-16097","VCDSA23560","1"
"1098","CVE-2019-16919","VCDSA23561","1"
"1099","CVE-2019-5511","VCDSA23527","1"
"1100","CVE-2019-5512","VCDSA23527","1"
"1101","CVE-2019-5513","VCDSA23527","1"
"1102","CVE-2019-5514","VCDSA23550","1"
"1103","CVE-2019-5515","VCDSA23550","1"
"1104","CVE-2019-5516","VCDSA23551","1"
"1105","CVE-2019-5517","VCDSA23551","1"
"1106","CVE-2019-5518","VCDSA23550","1"
"1107","CVE-2019-5519","VCDSA23550","1"
"1108","CVE-2019-5520","VCDSA23551","1"
"1109","CVE-2019-5521","VCDSA23557","1"
"1110","CVE-2019-5522","VCDSA23554","1"
"1111","CVE-2019-5523","VCDSA23528","1"
"1112","CVE-2019-5524","VCDSA23550","1"
"1113","CVE-2019-5525","VCDSA23554","1"
"1114","CVE-2019-5526","VCDSA23552","1"
"1115","CVE-2019-5527","VCDSA23559","1"
"1116","CVE-2019-5528","VCDSA23556","1"
"1117","CVE-2019-5531","VCDSA23558","1"
"1118","CVE-2019-5532","VCDSA23558","1"
"1119","CVE-2019-5534","VCDSA23558","1"
"1120","CVE-2019-5535","VCDSA23559","1"
"1121","CVE-2019-5536","VCDSA23564","1"
"1122","CVE-2019-5537","VCDSA23563","1"
"1123","CVE-2019-5538","VCDSA23563","1"
"1124","CVE-2019-5539","VCDSA23568","1"
"1125","CVE-2019-5540","VCDSA23566","1"
"1126","CVE-2019-5541","VCDSA23566","1"
"1127","CVE-2019-5542","VCDSA23566","1"
"1128","CVE-2019-5543","VCDSA23571","1"
"1129","CVE-2019-5544","VCDSA23567","1"
"1130","CVE-2019-5684","VCDSA23557","1"
"1131","CVE-2019-5736","VCDSA23526","1"
"1132","CVE-2020-11651","VCDSA23576","1"
"1133","CVE-2020-11652","VCDSA23576","1"
"1134","CVE-2020-3941","VCDSA23569","1"
"1135","CVE-2020-3943","VCDSA23570","1"
"1136","CVE-2020-3944","VCDSA23570","1"
"1137","CVE-2020-3945","VCDSA23570","1"
"1138","CVE-2020-3947","VCDSA23571","1"
"1139","CVE-2020-3948","VCDSA23571","1"
"1140","CVE-2020-3950","VCDSA23572","1"
"1141","CVE-2020-3951","VCDSA23572","1"
"1142","CVE-2020-3952","VCDSA23573","1"
"1143","CVE-2020-3953","VCDSA23574","1"
"1144","CVE-2020-3954","VCDSA23574","1"
"1145","CVE-2020-3955","VCDSA23575","1"
"1146","CVE-2020-3956","VCDSA23577","1"
"1147","CVE-2020-3957","VCDSA23578","1"
"1148","CVE-2020-3958","VCDSA23578","1"
"1149","CVE-2020-3959","VCDSA23578","1"
"1150","CVE-2020-3960","VCDSA23579","1"
"1151","CVE-2020-3962","VCDSA23581","1"
"1152","CVE-2020-3963","VCDSA23581","1"
"1153","CVE-2020-3964","VCDSA23581","1"
"1154","CVE-2020-3965","VCDSA23581","1"
"1155","CVE-2020-3966","VCDSA23581","1"
"1156","CVE-2020-3967","VCDSA23581","1"
"1157","CVE-2020-3968","VCDSA23581","1"
"1158","CVE-2020-3969","VCDSA23581","1"
"1159","CVE-2020-3970","VCDSA23581","1"
"1160","CVE-2020-3971","VCDSA23581","1"
"1161","CVE-2020-3972","VCDSA23580","1"
"1162","CVE-2020-3974","VCDSA23585","1"
"1163","CVE-2020-3976","VCDSA23588","1"
"1164","CVE-2020-3980","VCDSA23589","1"
"1165","CVE-2020-3981","VCDSA23590","1"
"1166","CVE-2020-3982","VCDSA23590","1"
"1167","CVE-2020-3986","VCDSA23589","1"
"1168","CVE-2020-3987","VCDSA23589","1"
"1169","CVE-2020-3988","VCDSA23589","1"
"1170","CVE-2020-3989","VCDSA23589","1"
"1171","CVE-2020-3990","VCDSA23589","1"
"1172","CVE-2020-3992","VCDSA23590","1"
"1173","CVE-2020-3993","VCDSA23590","1"
"1174","CVE-2020-3994","VCDSA23590","1"
"1175","CVE-2020-3995","VCDSA23590","1"
"1176","CVE-2020-3999","VCDSA23597","1"
"1177","CVE-2020-4004","VCDSA23583","1"
"1178","CVE-2020-4005","VCDSA23583","1"
"1179","CVE-2020-4006","VCDSA23594","1"
"1180","CVE-2021-21972","VCDSA23599","1"
"1181","CVE-2021-21973","VCDSA23599","1"
"1182","CVE-2021-21974","VCDSA23599","1"
"1183","CVE-2021-21975","VCDSA23600","1"
"1184","CVE-2021-21976","VCDSA23598","1"
"1185","CVE-2021-21980","VCDSA23617","1"
"1186","CVE-2021-21981","VCDSA23592","1"
"1187","CVE-2021-21983","VCDSA23600","1"
"1188","CVE-2021-21984","VCDSA23593","1"
"1189","CVE-2021-21985","VCDSA23602","1"
"1190","CVE-2021-21986","VCDSA23602","1"
"1191","CVE-2021-21987","VCDSA23601","1"
"1192","CVE-2021-21988","VCDSA23601","1"
"1193","CVE-2021-21989","VCDSA23601","1"
"1194","CVE-2021-21991","VCDSA23611","1"
"1195","CVE-2021-21992","VCDSA23611","1"
"1196","CVE-2021-21993","VCDSA23611","1"
"1197","CVE-2021-21994","VCDSA23606","1"
"1198","CVE-2021-21995","VCDSA23606","1"
"1199","CVE-2021-21997","VCDSA23603","1"
"1200","CVE-2021-21999","VCDSA23605","1"
"1201","CVE-2021-22002","VCDSA23608","1"
"1202","CVE-2021-22003","VCDSA23608","1"
"1203","CVE-2021-22005","VCDSA23611","1"
"1204","CVE-2021-22006","VCDSA23611","1"
"1205","CVE-2021-22007","VCDSA23611","1"
"1206","CVE-2021-22008","VCDSA23611","1"
"1207","CVE-2021-22009","VCDSA23611","1"
"1208","CVE-2021-22010","VCDSA23611","1"
"1209","CVE-2021-22011","VCDSA23611","1"
"1210","CVE-2021-22012","VCDSA23611","1"
"1211","CVE-2021-22013","VCDSA23611","1"
"1212","CVE-2021-22014","VCDSA23611","1"
"1213","CVE-2021-22015","VCDSA23611","1"
"1214","CVE-2021-22016","VCDSA23611","1"
"1215","CVE-2021-22017","VCDSA23611","1"
"1216","CVE-2021-22018","VCDSA23611","1"
"1217","CVE-2021-22019","VCDSA23611","1"
"1218","CVE-2021-22020","VCDSA23611","1"
"1219","CVE-2021-22021","VCDSA23610","1"
"1220","CVE-2021-22022","VCDSA23609","1"
"1221","CVE-2021-22023","VCDSA23609","1"
"1222","CVE-2021-22024","VCDSA23609","1"
"1223","CVE-2021-22025","VCDSA23609","1"
"1224","CVE-2021-22026","VCDSA23609","1"
"1225","CVE-2021-22027","VCDSA23609","1"
"1226","CVE-2021-22033","VCDSA23613","1"
"1227","CVE-2021-22034","VCDSA23624","1"
"1228","CVE-2021-22035","VCDSA23614","1"
"1229","CVE-2021-22036","VCDSA23615","1"
"1230","CVE-2021-22040","VCDSA23619","1"
"1231","CVE-2021-22041","VCDSA23619","1"
"1232","CVE-2021-22042","VCDSA23619","1"
"1233","CVE-2021-22043","VCDSA23619","1"
"1234","CVE-2021-22045","VCDSA23627","1"
"1235","CVE-2021-22048","VCDSA23625","1"
"1236","CVE-2021-22049","VCDSA23617","1"
"1237","CVE-2021-22050","VCDSA23619","1"
"1238","CVE-2021-22056","VCDSA23626","1"
"1239","CVE-2021-22057","VCDSA23626","1"
"1240","CVE-2021-39144","VCDSA23646","1"
"1241","CVE-2021-44228","VCDSA23626; VCDSA23618","2"
"1242","CVE-2021-44832","VCDSA23618","1"
"1243","CVE-2021-45046","VCDSA23618","1"
"1244","CVE-2021-45105","VCDSA23618","1"
"1245","CVE-2022-21123","VCDSA23632","1"
"1246","CVE-2022-21125","VCDSA23632","1"
"1247","CVE-2022-21166","VCDSA23632","1"
"1248","CVE-2022-22938","VCDSA23628","1"
"1249","CVE-2022-22939","VCDSA23629","1"
"1250","CVE-2022-22943","VCDSA23621","1"
"1251","CVE-2022-22945","VCDSA23620","1"
"1252","CVE-2022-22948","VCDSA23623","1"
"1253","CVE-2022-22953","VCDSA23633","1"
"1254","CVE-2022-22954","VCDSA23639","1"
"1255","CVE-2022-22955","VCDSA23639","1"
"1256","CVE-2022-22956","VCDSA23639","1"
"1257","CVE-2022-22957","VCDSA23639","1"
"1258","CVE-2022-22958","VCDSA23639","1"
"1259","CVE-2022-22959","VCDSA23639","1"
"1260","CVE-2022-22960","VCDSA23639","1"
"1261","CVE-2022-22961","VCDSA23639","1"
"1262","CVE-2022-22966","VCDSA23641","1"
"1263","CVE-2022-22972","VCDSA23630","1"
"1264","CVE-2022-22973","VCDSA23630","1"
"1265","CVE-2022-22977","VCDSA23631","1"
"1266","CVE-2022-22982","VCDSA23634","1"
"1267","CVE-2022-22983","VCDSA23651","1"
"1268","CVE-2022-23816","VCDSA23636","1"
"1269","CVE-2022-23825","VCDSA23636","1"
"1270","CVE-2022-26373","VCDSA23636","1"
"1271","CVE-2022-28693","VCDSA23636","1"
"1272","CVE-2022-29901","VCDSA23636","1"
"1273","CVE-2022-31654","VCDSA23635","1"
"1274","CVE-2022-31655","VCDSA23635","1"
"1275","CVE-2022-31656","VCDSA23637","1"
"1276","CVE-2022-31657","VCDSA23637","1"
"1277","CVE-2022-31658","VCDSA23637","1"
"1278","CVE-2022-31659","VCDSA23637","1"
"1279","CVE-2022-31660","VCDSA23637","1"
"1280","CVE-2022-31661","VCDSA23637","1"
"1281","CVE-2022-31662","VCDSA23637","1"
"1282","CVE-2022-31663","VCDSA23637","1"
"1283","CVE-2022-31664","VCDSA23637","1"
"1284","CVE-2022-31665","VCDSA23637","1"
"1285","CVE-2022-31672","VCDSA23650","1"
"1286","CVE-2022-31673","VCDSA23650","1"
"1287","CVE-2022-31674","VCDSA23650","1"
"1288","CVE-2022-31675","VCDSA23650","1"
"1289","CVE-2022-31676","VCDSA23642","1"
"1290","CVE-2022-31678","VCDSA23646","1"
"1291","CVE-2022-31680","VCDSA23644","1"
"1292","CVE-2022-31681","VCDSA23644","1"
"1293","CVE-2022-31682","VCDSA23645","1"
"1294","CVE-2022-31693","VCDSA23647","1"
"1295","CVE-2022-31696","VCDSA23648","1"
"1296","CVE-2022-31697","VCDSA23648","1"
"1297","CVE-2022-31698","VCDSA23648","1"
"1298","CVE-2022-31699","VCDSA23648","1"
"1299","CVE-2022-31700","VCDSA23652","1"
"1300","CVE-2022-31701","VCDSA23652","1"
"1301","CVE-2022-31702","VCDSA23649","1"
"1302","CVE-2022-31703","VCDSA23649","1"
"1303","CVE-2022-31704","VCDSA23657","1"
"1304","CVE-2022-31705","VCDSA23653","1"
"1305","CVE-2022-31706","VCDSA23657","1"
"1306","CVE-2022-31707","VCDSA23656","1"
"1307","CVE-2022-31708","VCDSA23656","1"
"1308","CVE-2022-31710","VCDSA23657","1"
"1309","CVE-2022-31711","VCDSA23657","1"
"1310","CVE-2023-20854","VCDSA23659","1"
"1311","CVE-2023-20855","VCDSA23668","1"
"1312","CVE-2023-20856","VCDSA23658","1"
"1313","CVE-2023-20864","VCDSA23669","1"
"1314","CVE-2023-20865","VCDSA23669","1"
"1315","CVE-2023-20867","VCDSA23675","1"
"1316","CVE-2023-20868","VCDSA23672","1"
"1317","CVE-2023-20869","VCDSA23670","1"
"1318","CVE-2023-20870","VCDSA23676; VCDSA23670","2"
"1319","CVE-2023-20871","VCDSA23670","1"
"1320","CVE-2023-20872","VCDSA23670","1"
"1321","CVE-2023-20877","VCDSA23671","1"
"1322","CVE-2023-20878","VCDSA23671","1"
"1323","CVE-2023-20879","VCDSA23671","1"
"1324","CVE-2023-20880","VCDSA23671","1"
"1325","CVE-2023-20884","VCDSA23673","1"
"1326","CVE-2023-20887","VCDSA23674","1"
"1327","CVE-2023-20888","VCDSA23674","1"
"1328","CVE-2023-20889","VCDSA23674","1"
"1329","CVE-2023-20890","VCDSA23663","1"
"1330","CVE-2023-20892","VCDSA23660","1"
"1331","CVE-2023-20893","VCDSA23660","1"
"1332","CVE-2023-20894","VCDSA23660","1"
"1333","CVE-2023-20895","VCDSA23660","1"
"1334","CVE-2023-20896","VCDSA23660","1"
"1335","CVE-2023-20900","VCDSA23678; VCDSA23664","2"
"1336","CVE-2023-34039","VCDSA23663","1"
"1337","CVE-2023-34043","VCDSA23665","1"
"1338","CVE-2023-34044","VCDSA23676","1"
"1339","CVE-2023-34045","VCDSA23676","1"
"1340","CVE-2023-34046","VCDSA23676","1"
"1341","CVE-2023-34048","VCDSA23677","1"
"1342","CVE-2023-34051","VCDSA23666","1"
"1343","CVE-2023-34052","VCDSA23666","1"
"1344","CVE-2023-34056","VCDSA23677","1"
"1345","CVE-2023-34057","VCDSA23678","1"
"1346","CVE-2023-34058","VCDSA23678","1"
"1347","CVE-2023-34060","VCDSA23679","1"
"1348","CVE-2023-34063","VCDSA23680","1"
"1349","CVE-2024-22235CVE-2024-22235 CVE-2024-22235 CVE-2024-22235 CVE-2024-22235 CVE-2024-22235 CVE-2024-22235 CVE-2024-22235 CVE-2024-22235 CVE-2024-22235 CVE-2024-22235 CVE-2024-22235 CVE-2024-22235 CVE-2024-22235","VCDSA24264","1"
"1350","CVE-2024-22237","VCDSA23681","1"
"1351","CVE-2024-22238","VCDSA23681","1"
"1352","CVE-2024-22239","VCDSA23681","1"
"1353","CVE-2024-22240","VCDSA23681","1"
"1354","CVE-2024-22241","VCDSA23681","1"
"1355","CVE-2024-22245","VCDSA24257","1"
"1356","CVE-2024-22250","VCDSA24257","1"
"1357","CVE-2024-22251CVE-2024-22251 CVE-2024-22251 CVE-2024-22251 CVE-2024-22251 CVE-2024-22251 CVE-2024-22251 CVE-2024-22251 CVE-2024-22251 CVE-2024-22251 CVE-2024-22251 CVE-2024-22251 CVE-2024-22251","VCDSA24265","1"
"1358","CVE-2024-22252","VCDSA24266","1"
"1359","CVE-2024-22253","VCDSA24266","1"
"1360","CVE-2024-22254","VCDSA24266","1"
"1361","CVE-2024-22255","VCDSA24266","1"
"1362","CVE-2024-22256CVE-2024-22256 CVE-2024-22256 CVE-2024-22256 CVE-2024-22256 CVE-2024-22256 CVE-2024-22256 CVE-2024-22256 CVE-2024-22256 CVE-2024-22256 CVE-2024-22256 CVE-2024-22256 CVE-2024-22256","VCDSA24267","1"
"1363","CVE-2024-22267","VCDSA24280","1"
"1364","CVE-2024-22268","VCDSA24280","1"
"1365","CVE-2024-22269","VCDSA24280","1"
"1366","CVE-2024-22270","VCDSA24280","1"
"1367","CVE-2024-22272CVE-2024-22272 CVE-2024-22272 CVE-2024-22272 CVE-2024-22272 CVE-2024-22272 CVE-2024-22272 CVE-2024-22272 CVE-2024-22272 CVE-2024-22272 CVE-2024-22272 CVE-2024-22272 CVE-2024-22272 CVE-2024-22272 CVE-2024-22272","VCDSA24371","1"
"1368","CVE-2024-22273","VCDSA24308","1"
"1369","CVE-2024-22274","VCDSA24308","1"
"1370","CVE-2024-22275","VCDSA24308","1"
"1371","CVE-2024-22276CVE-2024-22276 CVE-2024-22276 CVE-2024-22276 CVE-2024-22276 CVE-2024-22276 CVE-2024-22276 CVE-2024-22276 CVE-2024-22276 CVE-2024-22276 CVE-2024-22276 CVE-2024-22272 CVE-2024-22276 CVE-2024-22276 CVE-2024-22276 CVE-2024-22276","VCDSA24372","1"
"1372","CVE-2024-22277CVE-2024-22277 CVE-2024-22277 CVE-2024-22277 CVE-2024-22277 CVE-2024-22277 CVE-2024-22277 CVE-2024-22277 CVE-2024-22277 CVE-2024-22277 CVE-2024-22272 CVE-2024-22277 CVE-2024-22277 CVE-2024-22277 CVE-2024-22277","VCDSA24557","1"
"1373","CVE-2024-22280CVE-2024-22280 CVE-2024-22280 CVE-2024-22280 CVE-2024-22280 CVE-2024-22280 CVE-2024-22280 CVE-2024-22280 CVE-2024-22280 CVE-2024-22280 CVE-2024-22280 CVE-2024-22280","VCDSA24598","1"
"1374","CVE-2024-37079","VCDSA24453","1"
"1375","CVE-2024-37080","VCDSA24453","1"
"1376","CVE-2024-37081","VCDSA24453","1"
"1377","CVE-2024-37085","VCDSA24505","1"
"1378","CVE-2024-37086","VCDSA24505","1"
"1379","CVE-2024-37087","VCDSA24505","1"
"1380","CVE-2024-38811CVE-2024-38811 CVE-2024-38811 CVE-2024-38811 CVE-2024-38811 CVE-2024-38811 CVE-2024-38811 CVE-2024-38811 CVE-2024-38811 CVE-2024-38811 CVE-2024-38811 CVE-2024-38811","VCDSA24939","1"
"1381","CVE-2024-38812","VCDSA24968","1"
"1382","CVE-2024-38813","VCDSA24968","1"
"1383","CVE-2024-38814","VCDSA25390","1"
"1384","CVE-2024-38814CVE-2024-38814 CVE-2024-38814 CVE-2024-38814 CVE-2024-38814 CVE-2024-38814 CVE-2024-38814 CVE-2024-38814 CVE-2024-38814 CVE-2024-38814 CVE-2024-38814 CVE-2024-38814 CVE-2024-38814 CVE-2024-38814 CVE-2024-38814","VCDSA25019","1"
"1385","CVE-2024-38815","VCDSA25047","1"
"1386","CVE-2024-38817","VCDSA25047","1"
"1387","CVE-2024-38818","VCDSA25047","1"
"1388","CVE-2024-38830","VCDSA25199","1"
"1389","CVE-2024-38831","VCDSA25199","1"
"1390","CVE-2024-38832","VCDSA25199","1"
"1391","CVE-2024-38833","VCDSA25199","1"
"1392","CVE-2024-38834","VCDSA25199","1"
"1393","CVE-2025-22215CVE-2025-22215 CVE-2025-22215 CVE-2025-22215 CVE-2025-22215 CVE-2025-22215 CVE-2025-22215 CVE-2025-22215 CVE-2025-22215 CVE-2025-22215 CVE-2025-22215 CVE-2025-22215","VCDSA25312","1"
"1394","CVE-2025-22218","VCDSA25329","1"
"1395","CVE-2025-22219","VCDSA25329","1"
"1396","CVE-2025-22220","VCDSA25329","1"
"1397","CVE-2025-22221","VCDSA25329","1"
"1398","CVE-2025-22222","VCDSA25329","1"
"1399","CVE-2025-22224","VCDSA25390","1"
"1400","CVE-2025-22225","VCDSA25390","1"
"1401","CVE-2025-22226","VCDSA25390","1"
"1402","CVE-2025-22230CVE-2025-22230 CVE-2025-22230 CVE-2025-22230 CVE-2025-22230 CVE-2025-22230 CVE-2025-22230 CVE-2025-22230 CVE-2025-22230 CVE-2025-22230 CVE-2025-22230 CVE-2025-22230 CVE-2025-22230 CVE-2025-22230","VCDSA25518","1"
"1403","CVE-2025-22231CVE-2025-22231 CVE-2025-22231 CVE-2025-22231 CVE-2025-22231 CVE-2025-22231 CVE-2025-22231 CVE-2025-22231 CVE-2025-22231 CVE-2025-22231 CVE-2025-22231 CVE-2025-22231 CVE-2025-22231 CVE-2025-22231","VCDSA25541","1"
"1404","CVE-2025-22243","VCDSA25738","1"
"1405","CVE-2025-22244","VCDSA25738","1"
"1406","CVE-2025-22245","VCDSA25738","1"
"1407","CVE-2025-22247CVE-2025-22247 CVE-2025-22247 CVE-2025-22247 CVE-2025-22247 CVE-2025-22247 CVE-2025-22247 CVE-2025-22247 CVE-2025-22247 CVE-2025-22247 CVE-2025-22247 CVE-2025-22247 CVE-2025-22247 CVE-2025-22247 CVE-2025-22247","VCDSA25683","1"
"1408","CVE-2025-22249CVE-2025-22249 CVE-2025-22249 CVE-2025-22249 CVE-2025-22249 CVE-2025-22249 CVE-2025-22249 CVE-2025-22249 CVE-2025-22249 CVE-2025-22249 CVE-2025-22249 CVE-2025-22249 CVE-2025-22249","VCDSA25711","1"
"1409","CVE-2025-41225","VCDSA25717","1"
"1410","CVE-2025-41226","VCDSA25717","1"
"1411","CVE-2025-41227","VCDSA25717","1"
"1412","CVE-2025-41228","VCDSA25717","1"
"1413","CVE-2025-41229","VCDSA25733","1"
"1414","CVE-2025-41230","VCDSA25733","1"
"1415","CVE-2025-41231","VCDSA25733","1"
"1416","CVE-2025-41236","VCDSA35877","1"
"1417","CVE-2025-41237","VCDSA35877","1"
"1418","CVE-2025-41238","VCDSA35877","1"
"1419","CVE-2025-41239","VCDSA35877","1"
"1420","CVE-2025-41241CVE-2025-41241 CVE-2025-41241 CVE-2025-41241 CVE-2025-41241 CVE-2025-41241 CVE-2025-41241 CVE-2025-41241 CVE-2025-41241 CVE-2025-41241 CVE-2025-41241 CVE-2025-41241 CVE-2025-41241 CVE-2025-41241 CVE-2025-41241 CVE-2025-41241 CVE-2025-41241 CVE-2025-41241","VCDSA35964","1"
"1421","CVE-2025-41244","VCDSA36149","1"
"1422","CVE-2025-41245","VCDSA36149","1"
"1423","CVE-2025-41246","VCDSA36149","1"
"1424","CVE-2025-41250","VCDSA36150","1"
"1425","CVE-2025-41251","VCDSA36150","1"
"1426","CVE-2025-41252","VCDSA36150","1"
"1427","CVE-2026-22715","VCDSA36986","1"
"1428","CVE-2026-22716","VCDSA36986","1"
"1429","CVE-2026-22717","VCDSA36986","1"
"1430","CVE-2026-22719","VCDSA36947","1"
"1431","CVE-2026-22720","VCDSA36947","1"
"1432","CVE-2026-22721","VCDSA36947","1"
"1433","CVE-2026-22722","VCDSA36986","1"
"1434","CVE-2026-41702CVE-2026-41702 CVE-2026-41702 CVE-2026-41702 CVE-2026-41702 CVE-2026-41702 CVE-2026-41702 CVE-2026-41702 CVE-2026-41702 CVE-2026-41702 CVE-2026-41702 CVE-2026-41702","VCDSA37454","1"
"1435","CVE-2026-41703","VCDSA38017","1"
"1436","CVE-2026-41709","VCDSA38017","1"
"1437","CVE-2026-41722","VCDSA37513","1"
"1438","CVE-2026-41723","VCDSA37513","1"
"1439","CVE-2026-41724","VCDSA37513","1"
"1440","CVE-2026-47876","VCDSA38017","1"
"1441","CVE-2026-59309","VCDSA38017","1"
"1442","CVE-2026-59310","VCDSA38017","1"
"1443","CVE-2105-2342","VCDSA23482","1"
