"VmName","HostName","ClusterName","NumCpu","CpuTopology","MemoryGB","DiskLabel","DiskCapacityGB","DiskFormat","Datastore"
"insung-linuxhost","fu-01.***.***","epa-cl01","2","1 socket(s) x 2 core(s)","6","Hard disk 1","100","Thin","vsanDatastore"
"psh-esxi03","fu-06.***.***","epa-cl01","8","1 socket(s) x 8 core(s)","32","Hard disk 1","40","Thin","vsanDatastore"
"psh-esxi03","fu-06.***.***","epa-cl01","8","1 socket(s) x 8 core(s)","32","Hard disk 2","200","Thin","vsanDatastore"
"psh-esxi02","fu-04.***.***","epa-cl01","8","1 socket(s) x 8 core(s)","32","Hard disk 1","40","Thin","vsanDatastore"
"psh-esxi02","fu-04.***.***","epa-cl01","8","1 socket(s) x 8 core(s)","32","Hard disk 2","200","Thin","vsanDatastore"
"psh-esxi01","fu-05.***.***","epa-cl01","8","1 socket(s) x 8 core(s)","32","Hard disk 1","40","Thin","vsanDatastore"
"psh-esxi01","fu-05.***.***","epa-cl01","8","1 socket(s) x 8 core(s)","32","Hard disk 2","200","Thin","vsanDatastore"
"kdw-jumpbox","fu-06.***.***","epa-cl01","4","1 socket(s) x 4 core(s)","8","Hard disk 1","25","Thin","vsanDatastore"
"kdw-jumpbox","fu-06.***.***","epa-cl01","4","1 socket(s) x 4 core(s)","8","Hard disk 2","150","Thin","vsanDatastore"
"Avi-se-jeaxv","fu-04.***.***","epa-cl01","1","1 socket(s) x 1 core(s)","2","Hard disk 1","15","Thin","HCS-TrueNAS-iSCSI"
"ssk-ako-test","fu-01.***.***","epa-cl01","4","1 socket(s) x 4 core(s)","8","Hard disk 1","500","Thin","vsanDatastore"
"ssk-avi-controller","fu-06.***.***","epa-cl01","6","1 socket(s) x 6 core(s)","32","Hard disk 1","128","Thin","vsanDatastore"
"SSK_JumpHost","fu-06.***.***","epa-cl01","4","1 socket(s) x 4 core(s)","8","Hard disk 1","500","Thin","vsanDatastore"
"inha-esx01-10.200.91.x","fu-05.***.***","epa-cl01","8","1 socket(s) x 8 core(s)","64","Hard disk 1","150","Thin","vsanDatastore"
"inha-esx01-10.200.91.x","fu-05.***.***","epa-cl01","8","1 socket(s) x 8 core(s)","64","Hard disk 2","100","Thin","vsanDatastore"
"inha-vc-10.200.91.x","fu-05.***.***","epa-cl01","4","4 socket(s) x 1 core(s)","21","Hard disk 1","48.6","Thin","vsanDatastore"
"inha-vc-10.200.91.x","fu-05.***.***","epa-cl01","4","4 socket(s) x 1 core(s)","21","Hard disk 2","7.3","Thin","vsanDatastore"
"inha-vc-10.200.91.x","fu-05.***.***","epa-cl01","4","4 socket(s) x 1 core(s)","21","Hard disk 3","25","Thin","vsanDatastore"
"inha-vc-10.200.91.x","fu-05.***.***","epa-cl01","4","4 socket(s) x 1 core(s)","21","Hard disk 4","50","Thin","vsanDatastore"
"inha-vc-10.200.91.x","fu-05.***.***","epa-cl01","4","4 socket(s) x 1 core(s)","21","Hard disk 5","50","Thin","vsanDatastore"
"inha-vc-10.200.91.x","fu-05.***.***","epa-cl01","4","4 socket(s) x 1 core(s)","21","Hard disk 6","10","Thin","vsanDatastore"
"inha-vc-10.200.91.x","fu-05.***.***","epa-cl01","4","4 socket(s) x 1 core(s)","21","Hard disk 7","15","Thin","vsanDatastore"
"inha-vc-10.200.91.x","fu-05.***.***","epa-cl01","4","4 socket(s) x 1 core(s)","21","Hard disk 8","25","Thin","vsanDatastore"
"inha-vc-10.200.91.x","fu-05.***.***","epa-cl01","4","4 socket(s) x 1 core(s)","21","Hard disk 9","1","Thin","vsanDatastore"
"inha-vc-10.200.91.x","fu-05.***.***","epa-cl01","4","4 socket(s) x 1 core(s)","21","Hard disk 10","10","Thin","vsanDatastore"
"inha-vc-10.200.91.x","fu-05.***.***","epa-cl01","4","4 socket(s) x 1 core(s)","21","Hard disk 11","10","Thin","vsanDatastore"
"inha-vc-10.200.91.x","fu-05.***.***","epa-cl01","4","4 socket(s) x 1 core(s)","21","Hard disk 12","100","Thin","vsanDatastore"
"inha-vc-10.200.91.x","fu-05.***.***","epa-cl01","4","4 socket(s) x 1 core(s)","21","Hard disk 13","50","Thin","vsanDatastore"
"inha-vc-10.200.91.x","fu-05.***.***","epa-cl01","4","4 socket(s) x 1 core(s)","21","Hard disk 14","25","Thin","vsanDatastore"
"inha-vc-10.200.91.x","fu-05.***.***","epa-cl01","4","4 socket(s) x 1 core(s)","21","Hard disk 15","15","Thin","vsanDatastore"
"inha-vc-10.200.91.x","fu-05.***.***","epa-cl01","4","4 socket(s) x 1 core(s)","21","Hard disk 16","100","Thin","vsanDatastore"
"inha-vc-10.200.91.x","fu-05.***.***","epa-cl01","4","4 socket(s) x 1 core(s)","21","Hard disk 17","200","Thin","vsanDatastore"
"inha-esx02","fu-01.***.***","epa-cl01","8","1 socket(s) x 8 core(s)","64","Hard disk 1","150","Thin","vsanDatastore"
"inha-esx02","fu-01.***.***","epa-cl01","8","1 socket(s) x 8 core(s)","64","Hard disk 2","100","Thin","vsanDatastore"
"k1mes-vc01-10.200.92.x","fu-06.***.***","epa-cl01","4","4 socket(s) x 1 core(s)","21","Hard disk 1","48.6","Thin","vsanDatastore"
"k1mes-vc01-10.200.92.x","fu-06.***.***","epa-cl01","4","4 socket(s) x 1 core(s)","21","Hard disk 2","7.0","Thin","vsanDatastore"
"k1mes-vc01-10.200.92.x","fu-06.***.***","epa-cl01","4","4 socket(s) x 1 core(s)","21","Hard disk 3","25","Thin","vsanDatastore"
"k1mes-vc01-10.200.92.x","fu-06.***.***","epa-cl01","4","4 socket(s) x 1 core(s)","21","Hard disk 4","50","Thin","vsanDatastore"
"k1mes-vc01-10.200.92.x","fu-06.***.***","epa-cl01","4","4 socket(s) x 1 core(s)","21","Hard disk 5","50","Thin","vsanDatastore"
"k1mes-vc01-10.200.92.x","fu-06.***.***","epa-cl01","4","4 socket(s) x 1 core(s)","21","Hard disk 6","10","Thin","vsanDatastore"
"k1mes-vc01-10.200.92.x","fu-06.***.***","epa-cl01","4","4 socket(s) x 1 core(s)","21","Hard disk 7","15","Thin","vsanDatastore"
"k1mes-vc01-10.200.92.x","fu-06.***.***","epa-cl01","4","4 socket(s) x 1 core(s)","21","Hard disk 8","25","Thin","vsanDatastore"
"k1mes-vc01-10.200.92.x","fu-06.***.***","epa-cl01","4","4 socket(s) x 1 core(s)","21","Hard disk 9","1","Thin","vsanDatastore"
"k1mes-vc01-10.200.92.x","fu-06.***.***","epa-cl01","4","4 socket(s) x 1 core(s)","21","Hard disk 10","10","Thin","vsanDatastore"
"k1mes-vc01-10.200.92.x","fu-06.***.***","epa-cl01","4","4 socket(s) x 1 core(s)","21","Hard disk 11","10","Thin","vsanDatastore"
"k1mes-vc01-10.200.92.x","fu-06.***.***","epa-cl01","4","4 socket(s) x 1 core(s)","21","Hard disk 12","100","Thin","vsanDatastore"
"k1mes-vc01-10.200.92.x","fu-06.***.***","epa-cl01","4","4 socket(s) x 1 core(s)","21","Hard disk 13","50","Thin","vsanDatastore"
"k1mes-vc01-10.200.92.x","fu-06.***.***","epa-cl01","4","4 socket(s) x 1 core(s)","21","Hard disk 14","25","Thin","vsanDatastore"
"k1mes-vc01-10.200.92.x","fu-06.***.***","epa-cl01","4","4 socket(s) x 1 core(s)","21","Hard disk 15","15","Thin","vsanDatastore"
"k1mes-vc01-10.200.92.x","fu-06.***.***","epa-cl01","4","4 socket(s) x 1 core(s)","21","Hard disk 16","100","Thin","vsanDatastore"
"k1mes-vc01-10.200.92.x","fu-06.***.***","epa-cl01","4","4 socket(s) x 1 core(s)","21","Hard disk 17","200","Thin","vsanDatastore"
"k3mes-vc01","fu-06.***.***","epa-cl01","4","4 socket(s) x 1 core(s)","21","Hard disk 1","48.6","Thin","vsanDatastore"
"k3mes-vc01","fu-06.***.***","epa-cl01","4","4 socket(s) x 1 core(s)","21","Hard disk 2","7.0","Thin","vsanDatastore"
"k3mes-vc01","fu-06.***.***","epa-cl01","4","4 socket(s) x 1 core(s)","21","Hard disk 3","25","Thin","vsanDatastore"
"k3mes-vc01","fu-06.***.***","epa-cl01","4","4 socket(s) x 1 core(s)","21","Hard disk 4","50","Thin","vsanDatastore"
"k3mes-vc01","fu-06.***.***","epa-cl01","4","4 socket(s) x 1 core(s)","21","Hard disk 5","50","Thin","vsanDatastore"
"k3mes-vc01","fu-06.***.***","epa-cl01","4","4 socket(s) x 1 core(s)","21","Hard disk 6","10","Thin","vsanDatastore"
"k3mes-vc01","fu-06.***.***","epa-cl01","4","4 socket(s) x 1 core(s)","21","Hard disk 7","15","Thin","vsanDatastore"
"k3mes-vc01","fu-06.***.***","epa-cl01","4","4 socket(s) x 1 core(s)","21","Hard disk 8","25","Thin","vsanDatastore"
"k3mes-vc01","fu-06.***.***","epa-cl01","4","4 socket(s) x 1 core(s)","21","Hard disk 9","1","Thin","vsanDatastore"
"k3mes-vc01","fu-06.***.***","epa-cl01","4","4 socket(s) x 1 core(s)","21","Hard disk 10","10","Thin","vsanDatastore"
"k3mes-vc01","fu-06.***.***","epa-cl01","4","4 socket(s) x 1 core(s)","21","Hard disk 11","10","Thin","vsanDatastore"
"k3mes-vc01","fu-06.***.***","epa-cl01","4","4 socket(s) x 1 core(s)","21","Hard disk 12","100","Thin","vsanDatastore"
"k3mes-vc01","fu-06.***.***","epa-cl01","4","4 socket(s) x 1 core(s)","21","Hard disk 13","50","Thin","vsanDatastore"
"k3mes-vc01","fu-06.***.***","epa-cl01","4","4 socket(s) x 1 core(s)","21","Hard disk 14","25","Thin","vsanDatastore"
"k3mes-vc01","fu-06.***.***","epa-cl01","4","4 socket(s) x 1 core(s)","21","Hard disk 15","15","Thin","vsanDatastore"
"k3mes-vc01","fu-06.***.***","epa-cl01","4","4 socket(s) x 1 core(s)","21","Hard disk 16","100","Thin","vsanDatastore"
"k3mes-vc01","fu-06.***.***","epa-cl01","4","4 socket(s) x 1 core(s)","21","Hard disk 17","200","Thin","vsanDatastore"
"ksb-nfs-storage","fu-05.***.***","epa-cl01","8","1 socket(s) x 8 core(s)","16","Hard disk 1","100","Thin","vsanDatastore"
"ksb-nfs-storage","fu-05.***.***","epa-cl01","8","1 socket(s) x 8 core(s)","16","Hard disk 2","2048","Thin","vsanDatastore"
"inha-esx03","fu-05.***.***","epa-cl01","8","1 socket(s) x 8 core(s)","64","Hard disk 1","150","Thin","vsanDatastore"
"inha-esx03","fu-05.***.***","epa-cl01","8","1 socket(s) x 8 core(s)","64","Hard disk 2","100","Thin","vsanDatastore"
"k2mes-vc01","fu-05.***.***","epa-cl01","4","4 socket(s) x 1 core(s)","21","Hard disk 1","48.6","Thin","vsanDatastore"
"k2mes-vc01","fu-05.***.***","epa-cl01","4","4 socket(s) x 1 core(s)","21","Hard disk 2","7.0","Thin","vsanDatastore"
"k2mes-vc01","fu-05.***.***","epa-cl01","4","4 socket(s) x 1 core(s)","21","Hard disk 3","25","Thin","vsanDatastore"
"k2mes-vc01","fu-05.***.***","epa-cl01","4","4 socket(s) x 1 core(s)","21","Hard disk 4","50","Thin","vsanDatastore"
"k2mes-vc01","fu-05.***.***","epa-cl01","4","4 socket(s) x 1 core(s)","21","Hard disk 5","50","Thin","vsanDatastore"
"k2mes-vc01","fu-05.***.***","epa-cl01","4","4 socket(s) x 1 core(s)","21","Hard disk 6","10","Thin","vsanDatastore"
"k2mes-vc01","fu-05.***.***","epa-cl01","4","4 socket(s) x 1 core(s)","21","Hard disk 7","15","Thin","vsanDatastore"
"k2mes-vc01","fu-05.***.***","epa-cl01","4","4 socket(s) x 1 core(s)","21","Hard disk 8","25","Thin","vsanDatastore"
"k2mes-vc01","fu-05.***.***","epa-cl01","4","4 socket(s) x 1 core(s)","21","Hard disk 9","1","Thin","vsanDatastore"
"k2mes-vc01","fu-05.***.***","epa-cl01","4","4 socket(s) x 1 core(s)","21","Hard disk 10","10","Thin","vsanDatastore"
"k2mes-vc01","fu-05.***.***","epa-cl01","4","4 socket(s) x 1 core(s)","21","Hard disk 11","10","Thin","vsanDatastore"
"k2mes-vc01","fu-05.***.***","epa-cl01","4","4 socket(s) x 1 core(s)","21","Hard disk 12","100","Thin","vsanDatastore"
"k2mes-vc01","fu-05.***.***","epa-cl01","4","4 socket(s) x 1 core(s)","21","Hard disk 13","50","Thin","vsanDatastore"
"k2mes-vc01","fu-05.***.***","epa-cl01","4","4 socket(s) x 1 core(s)","21","Hard disk 14","25","Thin","vsanDatastore"
"k2mes-vc01","fu-05.***.***","epa-cl01","4","4 socket(s) x 1 core(s)","21","Hard disk 15","15","Thin","vsanDatastore"
"k2mes-vc01","fu-05.***.***","epa-cl01","4","4 socket(s) x 1 core(s)","21","Hard disk 16","100","Thin","vsanDatastore"
"k2mes-vc01","fu-05.***.***","epa-cl01","4","4 socket(s) x 1 core(s)","21","Hard disk 17","200","Thin","vsanDatastore"
"kyk-pve02","fu-06.***.***","epa-cl01","32","32 socket(s) x 1 core(s)","32","Hard disk 1","50","Thin","vsanDatastore"
"kyk-pve02","fu-06.***.***","epa-cl01","32","32 socket(s) x 1 core(s)","32","Hard disk 2","500","Thin","vsanDatastore"
"kyk-centos7","fu-05.***.***","epa-cl01","8","2 socket(s) x 4 core(s)","8","Hard disk 1","30","Thin","Local_fu-05"
"kyk-pve03","fu-06.***.***","epa-cl01","32","32 socket(s) x 1 core(s)","32","Hard disk 1","50","Thin","vsanDatastore"
"kyk-pve03","fu-06.***.***","epa-cl01","32","32 socket(s) x 1 core(s)","32","Hard disk 2","500","Thin","vsanDatastore"
"kyk-rocky9","fu-01.***.***","epa-cl01","8","2 socket(s) x 4 core(s)","8","Hard disk 1","30","Thin","Local_fu-01"
"kyk-truenas","fu-03.***.***","epa-cl01","8","4 socket(s) x 2 core(s)","8","Hard disk 1","50","Thin","vsanDatastore"
"kyk-truenas","fu-03.***.***","epa-cl01","8","4 socket(s) x 2 core(s)","8","Hard disk 2","1024","Thin","vsanDatastore"
"kyk-truenas","fu-03.***.***","epa-cl01","8","4 socket(s) x 2 core(s)","8","Hard disk 3","1536","Thin","vsanDatastore"
"kyk-pve01","fu-05.***.***","epa-cl01","32","32 socket(s) x 1 core(s)","32","Hard disk 1","50","Thin","vsanDatastore"
"kyk-pve01","fu-05.***.***","epa-cl01","32","32 socket(s) x 1 core(s)","32","Hard disk 2","500","Thin","vsanDatastore"
"kyk-window11","fu-01.***.***","epa-cl01","8","2 socket(s) x 4 core(s)","8","Hard disk 1","100","Thin","Local_fu-01"
"kyk-dns","fu-01.***.***","epa-cl01","4","2 socket(s) x 2 core(s)","4","Hard disk 1","30","Thin","vsanDatastore"
"NC-ESXi03","fu-04.***.***","epa-cl01","4","4 socket(s) x 1 core(s)","8","Hard disk 1","40","Thin","vsanDatastore"
"NC-ESXi03","fu-04.***.***","epa-cl01","4","4 socket(s) x 1 core(s)","8","Hard disk 2","500","Thin","vsanDatastore"
"NC-ESXi01","fu-03.***.***","epa-cl01","4","4 socket(s) x 1 core(s)","8","Hard disk 1","40","Thin","vsanDatastore"
"NC-ESXi01","fu-03.***.***","epa-cl01","4","4 socket(s) x 1 core(s)","8","Hard disk 2","500","Thin","vsanDatastore"
"md-esxi04","fu-03.***.***","epa-cl01","48","2 socket(s) x 24 core(s)","192","Hard disk 1","50","Thin","vsanDatastore"
"md-esxi04","fu-03.***.***","epa-cl01","48","2 socket(s) x 24 core(s)","192","Hard disk 2","500","Thin","vsanDatastore"
"md-esxi04","fu-03.***.***","epa-cl01","48","2 socket(s) x 24 core(s)","192","Hard disk 3","500","Thin","vsanDatastore"
"md-esxi04","fu-03.***.***","epa-cl01","48","2 socket(s) x 24 core(s)","192","Hard disk 4","500","Thin","vsanDatastore"
"md-esxi04","fu-03.***.***","epa-cl01","48","2 socket(s) x 24 core(s)","192","Hard disk 5","500","Thin","vsanDatastore"
"md-esxi04","fu-03.***.***","epa-cl01","48","2 socket(s) x 24 core(s)","192","Hard disk 6","500","Thin","vsanDatastore"
"md-esxi04","fu-03.***.***","epa-cl01","48","2 socket(s) x 24 core(s)","192","Hard disk 7","500","Thin","vsanDatastore"
"md-esxi03","fu-02.***.***","epa-cl01","48","2 socket(s) x 24 core(s)","192","Hard disk 1","50","Thin","vsanDatastore"
"md-esxi03","fu-02.***.***","epa-cl01","48","2 socket(s) x 24 core(s)","192","Hard disk 2","500","Thin","vsanDatastore"
"md-esxi03","fu-02.***.***","epa-cl01","48","2 socket(s) x 24 core(s)","192","Hard disk 3","500","Thin","vsanDatastore"
"md-esxi03","fu-02.***.***","epa-cl01","48","2 socket(s) x 24 core(s)","192","Hard disk 4","500","Thin","vsanDatastore"
"md-esxi03","fu-02.***.***","epa-cl01","48","2 socket(s) x 24 core(s)","192","Hard disk 5","500","Thin","vsanDatastore"
"md-esxi03","fu-02.***.***","epa-cl01","48","2 socket(s) x 24 core(s)","192","Hard disk 6","500","Thin","vsanDatastore"
"md-esxi03","fu-02.***.***","epa-cl01","48","2 socket(s) x 24 core(s)","192","Hard disk 7","500","Thin","vsanDatastore"
"md-esxi02","fu-01.***.***","epa-cl01","48","2 socket(s) x 24 core(s)","192","Hard disk 1","50","Thin","vsanDatastore"
"md-esxi02","fu-01.***.***","epa-cl01","48","2 socket(s) x 24 core(s)","192","Hard disk 2","500","Thin","vsanDatastore"
"md-esxi02","fu-01.***.***","epa-cl01","48","2 socket(s) x 24 core(s)","192","Hard disk 3","500","Thin","vsanDatastore"
"md-esxi02","fu-01.***.***","epa-cl01","48","2 socket(s) x 24 core(s)","192","Hard disk 4","500","Thin","vsanDatastore"
"md-esxi02","fu-01.***.***","epa-cl01","48","2 socket(s) x 24 core(s)","192","Hard disk 5","500","Thin","vsanDatastore"
"md-esxi02","fu-01.***.***","epa-cl01","48","2 socket(s) x 24 core(s)","192","Hard disk 6","500","Thin","vsanDatastore"
"md-esxi02","fu-01.***.***","epa-cl01","48","2 socket(s) x 24 core(s)","192","Hard disk 7","500","Thin","vsanDatastore"
"NC-ESXi02","fu-01.***.***","epa-cl01","4","4 socket(s) x 1 core(s)","8","Hard disk 1","40","Thin","vsanDatastore"
"NC-ESXi02","fu-01.***.***","epa-cl01","4","4 socket(s) x 1 core(s)","8","Hard disk 2","500","Thin","vsanDatastore"
"md-esxi01","fu-04.***.***","epa-cl01","48","2 socket(s) x 24 core(s)","192","Hard disk 1","50","Thin","vsanDatastore"
"md-esxi01","fu-04.***.***","epa-cl01","48","2 socket(s) x 24 core(s)","192","Hard disk 2","500","Thin","vsanDatastore"
"md-esxi01","fu-04.***.***","epa-cl01","48","2 socket(s) x 24 core(s)","192","Hard disk 3","500","Thin","vsanDatastore"
"md-esxi01","fu-04.***.***","epa-cl01","48","2 socket(s) x 24 core(s)","192","Hard disk 4","500","Thin","vsanDatastore"
"md-esxi01","fu-04.***.***","epa-cl01","48","2 socket(s) x 24 core(s)","192","Hard disk 5","500","Thin","vsanDatastore"
"md-esxi01","fu-04.***.***","epa-cl01","48","2 socket(s) x 24 core(s)","192","Hard disk 6","500","Thin","vsanDatastore"
"md-esxi01","fu-04.***.***","epa-cl01","48","2 socket(s) x 24 core(s)","192","Hard disk 7","500","Thin","vsanDatastore"
"NC-ESXi04","fu-04.***.***","epa-cl01","4","4 socket(s) x 1 core(s)","8","Hard disk 1","40","Thin","vsanDatastore"
"NC-ESXi04","fu-04.***.***","epa-cl01","4","4 socket(s) x 1 core(s)","8","Hard disk 2","500","Thin","vsanDatastore"
"Nice-Depot","fu-03.***.***","epa-cl01","2","1 socket(s) x 2 core(s)","4","Hard disk 1","1024","Thin","vsanDatastore"
"Nice-AD","fu-06.***.***","epa-cl01","2","1 socket(s) x 2 core(s)","4","Hard disk 1","90","Thin","vsanDatastore"
"krxcs01","fu-05.***.***","epa-cl01","2","2 socket(s) x 1 core(s)","4","Hard disk 1","90","Thin","vsanDatastore"
"Nice-Builder","fu-05.***.***","epa-cl01","4","4 socket(s) x 1 core(s)","4","Hard disk 1","95.6","Thin","vsanDatastore"
"Nice-Builder","fu-05.***.***","epa-cl01","4","4 socket(s) x 1 core(s)","4","Hard disk 2","49.1","Thin","vsanDatastore"
"Nice-Builder","fu-05.***.***","epa-cl01","4","4 socket(s) x 1 core(s)","4","Hard disk 3","94.1","Thin","vsanDatastore"
"Nice-Builder","fu-05.***.***","epa-cl01","4","4 socket(s) x 1 core(s)","4","Hard disk 4","15.1","Thin","vsanDatastore"
"avi-lb-insung","fu-05.***.***","epa-cl01","6","6 socket(s) x 1 core(s)","32","Hard disk 1","128","Thin","vsanDatastore"
"epa-harbor","fu-04.***.***","epa-cl01","4","2 socket(s) x 2 core(s)","8","Hard disk 1","20","Thin","vsanDatastore"
"epa-harbor","fu-04.***.***","epa-cl01","4","2 socket(s) x 2 core(s)","8","Hard disk 2","40","Thin","vsanDatastore"
"epa-dns","fu-03.***.***","epa-cl01","4","1 socket(s) x 4 core(s)","8","Hard disk 1","90","Thin","vsanDatastore"
"edge02","fu-04.***.***","epa-cl01","4","1 socket(s) x 4 core(s)","8","Hard disk 1","197","Thin","vsanDatastore"
"edge01","fu-06.***.***","epa-cl01","4","1 socket(s) x 4 core(s)","8","Hard disk 1","197","Thin","vsanDatastore"
"epa-nsx-03","fu-06.***.***","epa-cl01","6","6 socket(s) x 1 core(s)","24","Hard disk 1","200","Thin","vsanDatastore"
"epa-nsx-03","fu-06.***.***","epa-cl01","6","6 socket(s) x 1 core(s)","24","Hard disk 2","100","Thin","vsanDatastore"
"VCSA","fu-06.***.***","epa-cl01","16","16 socket(s) x 1 core(s)","39","Hard disk 1","48.6","Thin","vsanDatastore"
"VCSA","fu-06.***.***","epa-cl01","16","16 socket(s) x 1 core(s)","39","Hard disk 2","7.3","Thin","vsanDatastore"
"VCSA","fu-06.***.***","epa-cl01","16","16 socket(s) x 1 core(s)","39","Hard disk 3","50","Thin","vsanDatastore"
"VCSA","fu-06.***.***","epa-cl01","16","16 socket(s) x 1 core(s)","39","Hard disk 4","100","Thin","vsanDatastore"
"VCSA","fu-06.***.***","epa-cl01","16","16 socket(s) x 1 core(s)","39","Hard disk 5","50","Thin","vsanDatastore"
"VCSA","fu-06.***.***","epa-cl01","16","16 socket(s) x 1 core(s)","39","Hard disk 6","25","Thin","vsanDatastore"
"VCSA","fu-06.***.***","epa-cl01","16","16 socket(s) x 1 core(s)","39","Hard disk 7","25","Thin","vsanDatastore"
"VCSA","fu-06.***.***","epa-cl01","16","16 socket(s) x 1 core(s)","39","Hard disk 8","200","Thin","vsanDatastore"
"VCSA","fu-06.***.***","epa-cl01","16","16 socket(s) x 1 core(s)","39","Hard disk 9","10","Thin","vsanDatastore"
"VCSA","fu-06.***.***","epa-cl01","16","16 socket(s) x 1 core(s)","39","Hard disk 10","25","Thin","vsanDatastore"
"VCSA","fu-06.***.***","epa-cl01","16","16 socket(s) x 1 core(s)","39","Hard disk 11","25","Thin","vsanDatastore"
"VCSA","fu-06.***.***","epa-cl01","16","16 socket(s) x 1 core(s)","39","Hard disk 12","100","Thin","vsanDatastore"
"VCSA","fu-06.***.***","epa-cl01","16","16 socket(s) x 1 core(s)","39","Hard disk 13","100","Thin","vsanDatastore"
"VCSA","fu-06.***.***","epa-cl01","16","16 socket(s) x 1 core(s)","39","Hard disk 14","200","Thin","vsanDatastore"
"VCSA","fu-06.***.***","epa-cl01","16","16 socket(s) x 1 core(s)","39","Hard disk 15","25","Thin","vsanDatastore"
"VCSA","fu-06.***.***","epa-cl01","16","16 socket(s) x 1 core(s)","39","Hard disk 16","100","Thin","vsanDatastore"
"VCSA","fu-06.***.***","epa-cl01","16","16 socket(s) x 1 core(s)","39","Hard disk 17","300","Thin","vsanDatastore"
"epa-nsx-01","fu-06.***.***","epa-cl01","6","6 socket(s) x 1 core(s)","24","Hard disk 1","200","Thin","vsanDatastore"
"epa-nsx-01","fu-06.***.***","epa-cl01","6","6 socket(s) x 1 core(s)","24","Hard disk 2","100","Thin","vsanDatastore"
"epa-nsx-02","fu-05.***.***","epa-cl01","6","6 socket(s) x 1 core(s)","24","Hard disk 1","200","Thin","vsanDatastore"
"epa-nsx-02","fu-05.***.***","epa-cl01","6","6 socket(s) x 1 core(s)","24","Hard disk 2","100","Thin","vsanDatastore"
